portfolio_id,building_id,space_id,name,state,sqft_bldg,sqft_space,sqft_portfolio,act_energy_score,act_water_score,act_carbon_score,exp_energy_score,exp_water_score,exp_carbon_score,energy_eff_score,water_eff_score,carbon_eff_score,overall_eff_score,energy_pcnt,water_pcnt,carbon_pcnt,overall_pcnt,bldg_energy_eff_score,bldg_water_eff_score,bldg_carbon_eff_score,bldg_overall_eff_score,bldg_energy_pcnt,bldg_water_pcnt,bldg_carbon_pcnt,bldg_overall_pcnt,port_energy_eff_score,port_water_eff_score,port_carbon_eff_score,port_overall_eff_score,port_energy_pcnt,port_water_pcnt,port_carbon_pcnt,port_overall_pcnt,,,,,,,
1,1,1,Building 1,CA,"1,053,535","14,271","3,887,690",37,30,34,59,65,42,0.63,0.46,0.81,0.61,12.6,3.6,31.4,2.6,0.89,0.86,0.85,0.88,52.17,42.03,33.33,42.03,0.9,0.89,0.89,0.89,60,40,30,45,,,,,,,
1,1,2,Building 2,CA,"1,053,535","7,025","3,887,690",98,88,88,100,100,100,0.98,0.88,0.88,0.95,60.8,45.6,41.4,53.4,,,,,,,,,,,,,,,,,,,,,,,
1,1,3,Building 3,CA,"1,053,535","8,864","3,887,690",21,19,100,10,45,88,2.1,0.42,1.14,1.6,98.6,2,75.2,97.4,,,,,,,,,,,,,,,,,,,,,,,
1,1,4,Building 4,CA,"1,053,535","5,148","3,887,690",44,38,49,58,41,63,0.76,0.93,0.78,0.8,27.8,54.8,27.6,22,,,,,,,,,,,,,,,,,,,,,,,
1,1,5,Building 5,CA,"1,053,535","20,375","3,887,690",25,17,34,20,5,55,1.25,3.4,0.62,1.67,85,99.2,13.2,98.2,,,,,,,,,,,,,,,,,,,,,,,
1,1,6,Building 6,CA,"1,053,535","16,623","3,887,690",64,60,55,45,95,82,1.42,0.63,0.67,1.15,93.2,15.6,18.6,84.6,,,,,,,,,,,,,,,,,,,,,,,
1,1,7,Building 7,CA,"1,053,535","22,592","3,887,690",92,92,94,95,100,89,0.97,0.92,1.06,0.97,58.6,52.8,67.2,57,,,,,,,,,,,,,,,,,,,,,,,
1,1,8,Building 8,CA,"1,053,535","4,757","3,887,690",93,103,85,91,100,100,1.02,1.03,0.85,1,67.4,69.2,37,63.4,,,,,,,,,,,,,,,,,,,,,,,
1,1,9,Building 9,CA,"1,053,535","13,961","3,887,690",60,50,63,72,63,80,0.83,0.79,0.79,0.82,38.6,32.2,28.2,24.8,,,,,,,,,,,,,,,,,,,,,,,
1,1,10,Building 10,CA,"1,053,535","47,357","3,887,690",20,26,37,5,55,67,4,0.47,0.55,2.77,100,4.4,6.6,99.8,,,,,,,,,,,,,,,,,,,,,,,
1,1,11,Building 11,CA,"1,053,535","19,688","3,887,690",30,22,38,40,48,73,0.75,0.46,0.52,0.66,26.6,3.2,5.4,7.4,,,,,,,,,,,,,,,,,,,,,,,
1,1,12,Building 12,CA,"1,053,535","78,111","3,887,690",48,49,30,63,61,54,0.76,0.8,0.56,0.75,29,34.4,7,17.2,,,,,,,,,,,,,,,,,,,,,,,
1,1,13,Building 13,CA,"1,053,535","49,084","3,887,690",88,91,95,100,90,83,0.88,1.01,1.14,0.94,44,67.6,76.4,52.2,,,,,,,,,,,,,,,,,,,,,,,
1,1,14,Building 14,CA,"1,053,535","17,776","3,887,690",45,39,83,41,23,90,1.1,1.7,0.92,1.21,74.2,95.8,50,90.4,,,,,,,,,,,,,,,,,,,,,,,
1,1,15,Building 15,CA,"1,053,535","24,097","3,887,690",42,48,32,42,83,68,1,0.58,0.47,0.84,63.2,11.4,2.6,28.8,,,,,,,,,,,,,,,,,,,,,,,
1,1,16,Building 16,CA,"1,053,535","11,195","3,887,690",87,97,88,99,100,100,0.88,0.97,0.88,0.9,43.8,61.6,41.4,44.2,,,,,,,,,,,,,,,,,,,,,,,
1,1,17,Building 17,CA,"1,053,535","3,478","3,887,690",62,53,75,47,40,100,1.32,1.33,0.75,1.25,89.8,89,24.4,92,,,,,,,,,,,,,,,,,,,,,,,
1,1,18,Building 18,CA,"1,053,535","45,903","3,887,690",91,83,87,79,100,89,1.15,0.83,0.98,1.06,79.8,38,57.4,72,,,,,,,,,,,,,,,,,,,,,,,
1,1,19,Building 19,CA,"1,053,535","41,733","3,887,690",90,93,24,100,90,21,0.9,1.03,1.14,0.96,48.8,70,76,55.6,,,,,,,,,,,,,,,,,,,,,,,
1,1,20,Building 20,CA,"1,053,535","10,090","3,887,690",37,34,44,45,49,43,0.82,0.69,1.02,0.82,36.8,20.8,63.6,24.6,,,,,,,,,,,,,,,,,,,,,,,
1,1,21,Building 21,CA,"1,053,535","4,704","3,887,690",97,106,22,87,100,54,1.11,1.06,0.41,1.02,76.4,71.8,1.4,66.4,,,,,,,,,,,,,,,,,,,Min,0.38,0.3,0.31,0.47
1,1,22,Building 22,CA,"1,053,535","1,400","3,887,690",24,28,55,46,22,88,0.52,1.27,0.63,0.71,5,87.4,14.2,13.2,,,,,,,,,,,,,,,,,,,Max,4,4.8,4.6,2.83
1,1,23,Building 23,CA,"1,053,535","7,085","3,887,690",74,81,33,64,100,34,1.16,0.81,0.97,1.05,80,35.2,56.8,71.6,,,,,,,,,,,,,,,,,,,0,0,0,0,
1,1,24,Building 24,CA,"1,053,535","16,087","3,887,690",27,24,29,58,10,25,0.47,2.4,1.16,0.99,3.2,98.8,79,62.4,,,,,,,,,,,,,,,,,,,0.1,0,0,0,
1,1,25,Building 25,CA,"1,053,535","48,882","3,887,690",39,47,35,64,57,74,0.61,0.82,0.47,0.64,11.4,37.8,3,5.6,,,,,,,,,,,,,,,,,,,0.2,0,1,0,
1,1,26,Building 26,CA,"1,053,535","1,175","3,887,690",56,47,66,73,62,59,0.77,0.76,1.12,0.81,30,28.4,73.8,22.8,,,,,,,,,,,,,,,,,,,0.3,2,6,4,
1,1,27,Building 27,CA,"1,053,535","45,672","3,887,690",49,58,44,80,67,36,0.61,0.87,1.22,0.74,11.8,43,84.8,16.8,,,,,,,,,,,,,,,,,,,0.4,20,20,18,
1,1,28,Building 28,CA,"1,053,535","21,461","3,887,690",44,51,48,54,78,41,0.81,0.65,1.17,0.82,35.8,17.2,80.4,25.4,,,,,,,,,,,,,,,,,,,0.5,31,38,30,
1,1,29,Building 29,CA,"1,053,535","3,221","3,887,690",30,23,24,69,15,59,0.43,1.53,0.41,0.68,1.4,94.4,1,10.6,,,,,,,,,,,,,,,,,,,0.6,59,44,47,
1,1,30,Building 30,CA,"1,053,535","15,734","3,887,690",22,25,12,34,36,5,0.65,0.69,2.4,0.87,15.4,21,98.4,35,,,,,,,,,,,,,,,,,,,0.7,54,55,50,
1,1,31,Building 31,CA,"1,053,535","45,921","3,887,690",91,97,97,100,90,100,0.91,1.08,0.97,0.96,50.6,74.4,55.8,55,,,,,,,,,,,,,,,,,,,0.8,77,82,71,
1,1,32,Building 32,CA,"1,053,535","11,298","3,887,690",76,65,45,67,95,72,1.13,0.68,0.63,0.97,78.4,20.2,14.2,57.6,,,,,,,,,,,,,,,,,,,0.9,72,78,75,
1,1,33,Building 33,CA,"1,053,535","3,353","3,887,690",80,78,86,78,75,100,1.03,1.04,0.86,1.01,68,70.8,38.4,65,,,,,,,,,,,,,,,,,,,1,64,59,73,
1,1,34,Building 34,CA,"1,053,535","5,068","3,887,690",38,35,29,70,47,13,0.54,0.74,2.23,0.79,6,27.2,98,21.4,,,,,,,,,,,,,,,,,,0.9,1.111111111,45,49,67,
1,1,35,Building 35,CA,"1,053,535","11,080","3,887,690",21,15,29,40,41,32,0.53,0.37,0.91,0.53,5.2,0.4,45.4,0.6,,,,,,,,,,,,,,,,,,0.8,1.25,42,33,35,
1,1,36,Building 36,CA,"1,053,535","9,543","3,887,690",83,80,72,94,88,53,0.88,0.91,1.36,0.95,45.6,51.2,92.2,53.8,,,,,,,,,,,,,,,,,,0.7,1.428571429,15,12,13,
1,1,37,Building 37,CA,"1,053,535","10,919","3,887,690",57,51,63,53,62,97,1.08,0.82,0.65,0.97,72.2,37.2,16,56.4,,,,,,,,,,,,,,,,,,0.6,1.666666667,7,14,5,
1,1,38,Building 38,CA,"1,053,535","25,233","3,887,690",34,93,30,20,95,23,1.7,0.98,1.3,1.49,97,63.4,90.6,96.4,,,,,,,,,,,,,,,,,,0.5,2,7,3,4,
1,1,39,Building 39,CA,"1,053,535","26,281","3,887,690",96,41,105,83,30,91,1.16,1.37,1.15,1.2,80.4,91,77.2,89.8,,,,,,,,,,,,,,,,,,0.4,2.5,3,1,7,
1,1,40,Building 40,CA,"1,053,535","32,784","3,887,690",98,94,100,100,100,100,0.98,0.94,1,0.97,60.8,57,59.2,58.2,,,,,,,,,,,,,,,,,,0.3,3.333333333,2,5,1,
1,1,41,Building 41,CA,"1,053,535","7,113","3,887,690",90,81,82,100,100,100,0.9,0.81,0.82,0.87,48.8,35.2,32.8,36.2,,,,,,,,,,,,,,,,,,0.2,5,0,0,0,
1,1,42,Building 42,CA,"1,053,535","1,079","3,887,690",42,86,49,68,96,61,0.62,0.9,0.8,0.7,12,48.8,30.6,12.6,,,,,,,,,,,,,,,,,,0.1,10,0,0,0,
1,1,43,Building 43,CA,"1,053,535","29,809","3,887,690",53,46,52,60,57,58,0.88,0.81,0.9,0.87,45.8,34.6,43.8,34.8,,,,,,,,,,,,,,,,,,,100000,0,0,0,
1,1,44,Building 44,CA,"1,053,535","85,825","3,887,690",68,69,61,90,100,54,0.76,0.69,1.13,0.79,27.4,20.6,74.4,20.2,,,,,,,,,,,,,,,,,,,1.00E+11,500,500,500,
1,1,45,Building 45,CA,"1,053,535","1,133","3,887,690",66,75,75,94,87,82,0.7,0.86,0.91,0.76,22.8,42.4,47.6,19,,,,,,,,,,,,,,,,,,,,,,,
1,1,46,Building 46,CA,"1,053,535","6,757","3,887,690",38,32,27,27,22,40,1.41,1.45,0.68,1.33,92.6,94,18.8,94.6,,,,,,,,,,,,,,,,,,,,,,,
1,1,47,Building 47,CA,"1,053,535","44,953","3,887,690",89,99,92,99,87,100,0.9,1.14,0.92,0.96,48.6,79.2,48.4,55.4,,,,,,,,,,,,,,,,,,,,,,,
1,1,48,Building 48,CA,"1,053,535","16,961","3,887,690",29,38,33,44,54,67,0.66,0.7,0.49,0.65,17.6,22.6,4.4,6.6,,,,,,,,,,,,,,,,,,,,,,,
1,1,49,Building 49,CA,"1,053,535","26,097","3,887,690",29,33,34,39,51,35,0.74,0.65,0.97,0.75,26.2,16.6,57,17.6,,,,,,,,,,,,,,,,,,,,,,,
1,1,50,Building 50,CA,"1,053,535","24,779","3,887,690",53,46,57,43,55,78,1.23,0.84,0.73,1.08,83.8,39,22.6,76.6,,,,,,,,,,,,,,,,,,,,,,,
1,2,51,Building 51,CA,"1,023,149","15,626","3,887,690",66,68,50,80,72,52,0.83,0.94,0.96,0.87,37.2,57.8,55,35.4,0.9,0.87,0.87,0.89,53.62,43.48,36.23,47.83,,,,,,,,,,,,,,,
1,2,52,Building 52,CA,"1,023,149","5,603","3,887,690",35,30,41,24,34,21,1.46,0.88,1.95,1.39,93.8,46.2,97.6,95.4,,,,,,,,,,,,,,,,,,,,,,,
1,2,53,Building 53,CA,"1,023,149","27,138","3,887,690",100,107,103,100,100,100,1,1.07,1.03,1.02,63.2,74,64,67.2,,,,,,,,,,,,,,,,,,,,,,,
1,2,54,Building 54,CA,"1,023,149","6,325","3,887,690",64,63,53,87,57,62,0.74,1.11,0.85,0.83,25.8,76.6,38,27.6,,,,,,,,,,,,,,,,,,,,,,,
1,2,55,Building 55,CA,"1,023,149","2,301","3,887,690",92,92,21,72,100,14,1.28,0.92,1.5,1.22,87.6,52.8,95,90.8,,,,,,,,,,,,,,,,,,,,,,,
1,2,56,Building 56,CA,"1,023,149","4,060","3,887,690",45,37,40,27,77,57,1.67,0.48,0.7,1.28,96.4,5,20.2,93.6,,,,,,,,,,,,,,,,,,,,,,,
1,2,57,Building 57,CA,"1,023,149","37,112","3,887,690",66,76,64,78,66,100,0.85,1.15,0.64,0.89,39.8,80.6,15.4,42,,,,,,,,,,,,,,,,,,,,,,,
1,2,58,Building 58,CA,"1,023,149","4,457","3,887,690",32,23,42,72,23,45,0.44,1,0.93,0.63,1.6,65,51,3.2,,,,,,,,,,,,,,,,,,,,,,,
1,2,59,Building 59,CA,"1,023,149","9,106","3,887,690",44,48,42,66,85,32,0.67,0.56,1.31,0.72,18.6,10,91.2,14.6,,,,,,,,,,,,,,,,,,,,,,,
1,2,60,Building 60,CA,"1,023,149","61,919","3,887,690",84,93,91,70,97,100,1.2,0.96,0.91,1.11,82.8,60.6,46.2,81.6,,,,,,,,,,,,,,,,,,,,,,,
1,2,61,Building 61,CA,"1,023,149","12,234","3,887,690",43,39,34,54,76,71,0.8,0.51,0.48,0.69,32.8,6.6,3.4,11.4,,,,,,,,,,,,,,,,,,,,,,,
1,2,62,Building 62,CA,"1,023,149","33,081","3,887,690",98,41,97,100,77,100,0.98,0.53,0.97,0.88,60.8,8,55.8,38,,,,,,,,,,,,,,,,,,,,,,,
1,2,63,Building 63,CA,"1,023,149","50,043","3,887,690",86,76,81,100,100,65,0.86,0.76,1.25,0.88,41.4,28.8,86.8,39.8,,,,,,,,,,,,,,,,,,,,,,,
1,2,64,Building 64,CA,"1,023,149","7,395","3,887,690",77,87,97,69,100,100,1.12,0.87,0.97,1.04,76.6,44,55.8,69.2,,,,,,,,,,,,,,,,,,,,,,,
1,2,65,Building 65,CA,"1,023,149","4,885","3,887,690",46,47,38,81,27,70,0.57,1.74,0.54,0.83,7.4,96.4,6.2,27.4,,,,,,,,,,,,,,,,,,,,,,,
1,2,66,Building 66,CA,"1,023,149","32,281","3,887,690",82,63,79,100,79,99,0.82,0.8,0.8,0.81,36.4,32.8,29.8,23.6,,,,,,,,,,,,,,,,,,,,,,,
1,2,67,Building 67,CA,"1,023,149","2,951","3,887,690",32,27,24,15,33,36,2.13,0.82,0.67,1.65,98.8,36.4,17.8,97.8,,,,,,,,,,,,,,,,,,,,,,,
1,2,68,Building 68,CA,"1,023,149","1,999","3,887,690",63,65,68,88,100,59,0.72,0.65,1.15,0.75,24.2,17,77,18.2,,,,,,,,,,,,,,,,,,,,,,,
1,2,69,Building 69,CA,"1,023,149","11,186","3,887,690",64,72,66,50,97,90,1.28,0.74,0.73,1.09,88.2,26.8,23,78.4,,,,,,,,,,,,,,,,,,,,,,,
1,2,70,Building 70,CA,"1,023,149","45,178","3,887,690",82,81,81,87,91,100,0.94,0.89,0.81,0.91,54.8,48.6,31.8,47.8,,,,,,,,,,,,,,,,,,,,,,,
1,2,71,Building 71,CA,"1,023,149","5,138","3,887,690",58,51,49,84,58,35,0.69,0.88,1.4,0.82,21.4,45.4,93.2,25,,,,,,,,,,,,,,,,,,,,,,,
1,2,72,Building 72,CA,"1,023,149","4,512","3,887,690",76,76,75,69,84,100,1.1,0.9,0.75,1.01,74.8,50.8,24.4,65.6,,,,,,,,,,,,,,,,,,,,,,,
1,2,73,Building 73,CA,"1,023,149","3,952","3,887,690",46,38,47,29,45,86,1.59,0.84,0.55,1.29,95.6,40,6.4,94,,,,,,,,,,,,,,,,,,,,,,,
1,2,74,Building 74,CA,"1,023,149","32,157","3,887,690",82,86,73,100,97,53,0.82,0.89,1.38,0.9,36.4,47,92.8,44.8,,,,,,,,,,,,,,,,,,,,,,,
1,2,75,Building 75,CA,"1,023,149","46,460","3,887,690",54,50,30,92,84,68,0.59,0.6,0.44,0.57,10,13,1.6,2,,,,,,,,,,,,,,,,,,,,,,,
1,2,76,Building 76,CA,"1,023,149","22,387","3,887,690",78,85,77,67,100,100,1.16,0.85,0.77,1.04,80.6,40.8,27,69.8,,,,,,,,,,,,,,,,,,,,,,,
1,2,77,Building 77,CA,"1,023,149","11,535","3,887,690",95,55,103,89,47,86,1.07,1.17,1.2,1.11,71.2,82.4,83.4,81.2,,,,,,,,,,,,,,,,,,,,,,,
1,2,78,Building 78,CA,"1,023,149","27,944","3,887,690",91,92,91,100,100,100,0.91,0.92,0.91,0.91,50.6,52.8,46.2,47,,,,,,,,,,,,,,,,,,,,,,,
1,2,79,Building 79,CA,"1,023,149","11,262","3,887,690",51,62,59,89,76,81,0.57,0.82,0.73,0.65,8.6,36.2,22.2,6.2,,,,,,,,,,,,,,,,,,,,,,,
1,2,80,Building 80,CA,"1,023,149","26,572","3,887,690",92,83,86,95,100,89,0.97,0.83,0.97,0.94,58.6,38,55.6,51.2,,,,,,,,,,,,,,,,,,,,,,,
1,2,81,Building 81,CA,"1,023,149","59,992","3,887,690",61,67,86,100,100,100,0.61,0.67,0.86,0.65,11.6,19,38.4,7,,,,,,,,,,,,,,,,,,,,,,,
1,2,82,Building 82,CA,"1,023,149","26,212","3,887,690",40,34,32,58,42,60,0.69,0.81,0.53,0.7,21.2,35,5.8,12.2,,,,,,,,,,,,,,,,,,,,,,,
1,2,83,Building 83,CA,"1,023,149","13,323","3,887,690",94,96,96,80,82,93,1.18,1.17,1.03,1.16,81.8,82.6,64.4,85.8,,,,,,,,,,,,,,,,,,,,,,,
1,2,84,Building 84,CA,"1,023,149","13,232","3,887,690",20,24,13,35,39,5,0.57,0.62,2.6,0.82,8,14.8,99,26.2,,,,,,,,,,,,,,,,,,,,,,,
1,2,85,Building 85,CA,"1,023,149","17,551","3,887,690",46,48,52,29,79,65,1.59,0.61,0.8,1.27,95.6,13.6,30,92.8,,,,,,,,,,,,,,,,,,,,,,,
1,2,86,Building 86,CA,"1,023,149","11,415","3,887,690",50,50,45,47,42,53,1.06,1.19,0.85,1.07,70.8,83.8,36.8,74.4,,,,,,,,,,,,,,,,,,,,,,,
1,2,87,Building 87,CA,"1,023,149","1,000","3,887,690",89,84,85,80,97,85,1.11,0.87,1,1.04,76.2,43.6,59.2,69.4,,,,,,,,,,,,,,,,,,,,,,,
1,2,88,Building 88,CA,"1,023,149","25,671","3,887,690",59,67,60,76,86,100,0.78,0.78,0.6,0.76,31,30.4,10.6,18.4,,,,,,,,,,,,,,,,,,,,,,,
1,2,89,Building 89,CA,"1,023,149","35,637","3,887,690",60,57,50,64,68,43,0.94,0.84,1.16,0.94,53.6,39.4,79.8,52,,,,,,,,,,,,,,,,,,,,,,,
1,2,90,Building 90,CA,"1,023,149","8,159","3,887,690",97,78,104,99,73,100,0.98,1.07,1.04,1.01,60.6,73.8,65.2,64.4,,,,,,,,,,,,,,,,,,,,,,,
1,2,91,Building 91,CA,"1,023,149","2,936","3,887,690",59,65,86,56,49,95,1.05,1.33,0.91,1.1,70,89.2,45.2,80.2,,,,,,,,,,,,,,,,,,,,,,,
1,2,92,Building 92,CA,"1,023,149","20,979","3,887,690",54,64,37,94,49,53,0.57,1.31,0.7,0.76,9,88.4,19.8,18.8,,,,,,,,,,,,,,,,,,,,,,,
1,2,93,Building 93,CA,"1,023,149","5,933","3,887,690",89,95,84,100,100,100,0.89,0.95,0.84,0.9,46.8,58.8,35.8,43.6,,,,,,,,,,,,,,,,,,,,,,,
1,2,94,Building 94,CA,"1,023,149","52,831","3,887,690",87,89,89,100,100,69,0.87,0.89,1.29,0.92,42.8,47.6,89.8,49.6,,,,,,,,,,,,,,,,,,,,,,,
1,2,95,Building 95,CA,"1,023,149","16,355","3,887,690",91,87,85,82,92,94,1.11,0.95,0.9,1.05,75.6,58.4,45,70.2,,,,,,,,,,,,,,,,,,,,,,,
1,2,96,Building 96,CA,"1,023,149","1,581","3,887,690",25,68,31,61,66,64,0.41,1.03,0.48,0.56,0.8,69.6,3.8,1.8,,,,,,,,,,,,,,,,,,,,,,,
1,2,97,Building 97,CA,"1,023,149","3,774","3,887,690",97,97,92,97,100,100,1,0.97,0.92,0.98,63.2,61.6,48.4,59.6,,,,,,,,,,,,,,,,,,,,,,,
1,2,98,Building 98,CA,"1,023,149","71,464","3,887,690",29,29,93,37,31,100,0.78,0.94,0.93,0.84,31.8,56.4,50.2,27.8,,,,,,,,,,,,,,,,,,,,,,,
1,2,99,Building 99,CA,"1,023,149","66,321","3,887,690",39,44,71,60,65,94,0.65,0.68,0.76,0.67,16.4,19.8,25.6,8.6,,,,,,,,,,,,,,,,,,,,,,,
1,2,100,Building 100,CA,"1,023,149","1,984","3,887,690",68,69,67,62,57,95,1.1,1.21,0.71,1.08,74,85.4,20.4,76,,,,,,,,,,,,,,,,,,,,,,,
1,3,101,Building 101,CA,"962,974","39,827","3,887,690",70,40,76,63,44,94,1.11,0.91,0.81,1.03,76,51.2,31.2,68,0.89,0.92,0.92,0.9,49.28,63.77,56.52,53.62,,,,,,,,,,,,,,,
1,3,102,Building 102,CA,"962,974","4,022","3,887,690",61,64,66,67,96,57,0.91,0.67,1.16,0.88,51.6,18.6,78.6,40.2,,,,,,,,,,,,,,,,,,,,,,,
1,3,103,Building 103,CA,"962,974","29,764","3,887,690",40,36,49,71,29,87,0.56,1.24,0.56,0.72,7,86.2,7.6,14.4,,,,,,,,,,,,,,,,,,,,,,,
1,3,104,Building 104,CA,"962,974","11,456","3,887,690",88,90,82,100,100,100,0.88,0.9,0.82,0.88,44,49.4,32.8,38.2,,,,,,,,,,,,,,,,,,,,,,,
1,3,105,Building 105,CA,"962,974","15,130","3,887,690",74,93,79,83,100,82,0.89,0.93,0.96,0.91,47.8,55.6,55.4,46.2,,,,,,,,,,,,,,,,,,,,,,,
1,3,106,Building 106,CA,"962,974","1,270","3,887,690",57,64,52,59,55,45,0.97,1.16,1.16,1.03,58.4,82,78,68.4,,,,,,,,,,,,,,,,,,,,,,,
1,3,107,Building 107,CA,"962,974","24,575","3,887,690",26,29,30,41,13,15,0.63,2.23,2,1.17,13.6,98.6,97.8,86.8,,,,,,,,,,,,,,,,,,,,,,,
1,3,108,Building 108,CA,"962,974","5,397","3,887,690",49,58,53,37,59,89,1.32,0.98,0.6,1.16,90,64.4,10.4,86.2,,,,,,,,,,,,,,,,,,,,,,,
1,3,109,Building 109,CA,"962,974","4,014","3,887,690",27,17,80,66,5,67,0.41,3.4,1.19,1.19,0.6,99.2,83.2,89,,,,,,,,,,,,,,,,,,,,,,,
1,3,110,Building 110,CA,"962,974","32,253","3,887,690",24,45,18,57,33,49,0.42,1.36,0.37,0.63,1.2,90.6,0.6,3.8,,,,,,,,,,,,,,,,,,,,,,,
1,3,111,Building 111,CA,"962,974","2,783","3,887,690",100,108,94,100,100,81,1,1.08,1.16,1.04,63.2,74.6,79.2,68.8,,,,,,,,,,,,,,,,,,,,,,,
1,3,112,Building 112,CA,"962,974","15,593","3,887,690",74,99,79,78,100,61,0.95,0.99,1.3,1,55.4,64.6,90,63.2,,,,,,,,,,,,,,,,,,,,,,,
1,3,113,Building 113,CA,"962,974","1,419","3,887,690",27,67,34,7,91,27,3.86,0.74,1.26,2.83,99.8,25.8,87.8,100,,,,,,,,,,,,,,,,,,,,,,,
1,3,114,Building 114,CA,"962,974","11,634","3,887,690",47,30,57,74,49,79,0.64,0.61,0.72,0.64,13.8,14.6,21.6,4.8,,,,,,,,,,,,,,,,,,,,,,,
1,3,115,Building 115,CA,"962,974","15,176","3,887,690",62,59,66,48,80,57,1.29,0.74,1.16,1.15,88.8,26.2,78.6,84.4,,,,,,,,,,,,,,,,,,,,,,,
1,3,116,Building 116,CA,"962,974","40,401","3,887,690",68,76,66,97,68,61,0.7,1.12,1.08,0.84,22.6,77.6,69.8,29.2,,,,,,,,,,,,,,,,,,,,,,,
1,3,117,Building 117,CA,"962,974","15,820","3,887,690",29,21,36,19,55,43,1.53,0.38,0.84,1.18,94.8,1.2,35.6,87.4,,,,,,,,,,,,,,,,,,,,,,,
1,3,118,Building 118,CA,"962,974","47,035","3,887,690",83,46,81,100,46,93,0.83,1,0.87,0.87,37.6,65,40.2,37.4,,,,,,,,,,,,,,,,,,,,,,,
1,3,119,Building 119,CA,"962,974","5,484","3,887,690",85,91,81,100,100,64,0.85,0.91,1.27,0.91,40.2,51.6,88.4,47.4,,,,,,,,,,,,,,,,,,,,,,,
1,3,120,Building 120,CA,"962,974","34,265","3,887,690",63,62,54,57,45,55,1.11,1.38,0.98,1.15,75,92,58.2,85.2,,,,,,,,,,,,,,,,,,,,,,,
1,3,121,Building 121,CA,"962,974","16,448","3,887,690",38,20,73,39,54,94,0.97,0.37,0.78,0.81,60.2,0.6,27.4,23.2,,,,,,,,,,,,,,,,,,,,,,,
1,3,122,Building 122,CA,"962,974","29,294","3,887,690",39,45,40,59,42,78,0.66,1.07,0.51,0.74,18.2,74.2,5.2,16.2,,,,,,,,,,,,,,,,,,,,,,,
1,3,123,Building 123,CA,"962,974","20,856","3,887,690",47,39,39,28,56,69,1.68,0.7,0.57,1.32,96.6,21.4,8,94.2,,,,,,,,,,,,,,,,,,,,,,,
1,3,124,Building 124,CA,"962,974","3,747","3,887,690",78,76,38,99,74,33,0.79,1.03,1.15,0.89,32.2,69,76.8,41,,,,,,,,,,,,,,,,,,,,,,,
1,3,125,Building 125,CA,"962,974","9,161","3,887,690",88,97,93,100,100,91,0.88,0.97,1.02,0.92,44,61.6,63.4,48.6,,,,,,,,,,,,,,,,,,,,,,,
1,3,126,Building 126,CA,"962,974","28,507","3,887,690",22,98,86,34,92,69,0.65,1.07,1.25,0.82,15.4,73.2,87,24,,,,,,,,,,,,,,,,,,,,,,,
1,3,127,Building 127,CA,"962,974","7,032","3,887,690",72,77,64,92,64,81,0.78,1.2,0.79,0.88,31.6,84.8,29,38.8,,,,,,,,,,,,,,,,,,,,,,,
1,3,128,Building 128,CA,"962,974","34,287","3,887,690",93,87,98,100,100,81,0.93,0.87,1.21,0.95,53.2,44,83.8,54.6,,,,,,,,,,,,,,,,,,,,,,,
1,3,129,Building 129,CA,"962,974","14,966","3,887,690",52,58,48,65,77,40,0.8,0.75,1.2,0.84,33.4,28.2,83.6,28.2,,,,,,,,,,,,,,,,,,,,,,,
1,3,130,Building 130,CA,"962,974","4,256","3,887,690",70,65,68,72,93,93,0.97,0.7,0.73,0.88,59.6,21.8,22.8,39,,,,,,,,,,,,,,,,,,,,,,,
1,3,131,Building 131,CA,"962,974","35,549","3,887,690",39,43,46,31,56,59,1.26,0.77,0.78,1.09,85.8,29.6,27.8,77.6,,,,,,,,,,,,,,,,,,,,,,,
1,3,132,Building 132,CA,"962,974","12,349","3,887,690",100,106,105,100,100,100,1,1.06,1.05,1.02,63.2,71.8,66.2,67.6,,,,,,,,,,,,,,,,,,,,,,,
1,3,133,Building 133,CA,"962,974","6,035","3,887,690",58,49,51,47,69,31,1.23,0.71,1.65,1.16,84,23.2,96.4,86.4,,,,,,,,,,,,,,,,,,,,,,,
1,3,134,Building 134,CA,"962,974","19,139","3,887,690",100,96,59,100,100,98,1,0.96,0.6,0.94,63.2,61,11,52.6,,,,,,,,,,,,,,,,,,,,,,,
1,3,135,Building 135,CA,"962,974","5,434","3,887,690",89,93,84,100,100,100,0.89,0.93,0.84,0.89,46.8,55.6,35.8,42.6,,,,,,,,,,,,,,,,,,,,,,,
1,3,136,Building 136,CA,"962,974","17,256","3,887,690",30,40,30,65,68,47,0.46,0.59,0.64,0.51,2.8,12.4,15,0.4,,,,,,,,,,,,,,,,,,,,,,,
1,3,137,Building 137,CA,"962,974","5,528","3,887,690",81,76,71,99,88,65,0.82,0.86,1.09,0.86,36,42.6,70.4,33.6,,,,,,,,,,,,,,,,,,,,,,,
1,3,138,Building 138,CA,"962,974","9,657","3,887,690",95,22,87,100,42,96,0.95,0.52,0.91,0.85,55.8,7.8,45.4,30.4,,,,,,,,,,,,,,,,,,,,,,,
1,3,139,Building 139,CA,"962,974","37,512","3,887,690",64,61,61,84,60,81,0.76,1.02,0.75,0.82,29,68.2,24.8,25.2,,,,,,,,,,,,,,,,,,,,,,,
1,3,140,Building 140,CA,"962,974","21,371","3,887,690",67,95,65,74,100,94,0.91,0.95,0.69,0.89,50.2,58.8,19.6,41.8,,,,,,,,,,,,,,,,,,,,,,,
1,3,141,Building 141,CA,"962,974","16,425","3,887,690",78,72,86,100,84,78,0.78,0.86,1.1,0.84,31.2,41.6,73,28,,,,,,,,,,,,,,,,,,,,,,,
1,3,142,Building 142,CA,"962,974","24,591","3,887,690",36,35,27,37,25,27,0.97,1.4,1,1.07,60,92.8,59.2,75.4,,,,,,,,,,,,,,,,,,,,,,,
1,3,143,Building 143,CA,"962,974","45,700","3,887,690",96,88,64,100,74,48,0.96,1.19,1.33,1.06,57.2,83.6,91.6,72.6,,,,,,,,,,,,,,,,,,,,,,,
1,3,144,Building 144,CA,"962,974","17,853","3,887,690",51,92,53,64,82,86,0.8,1.12,0.62,0.85,33,78.2,12.8,31.6,,,,,,,,,,,,,,,,,,,,,,,
1,3,145,Building 145,CA,"962,974","8,407","3,887,690",59,61,50,88,92,39,0.67,0.66,1.28,0.74,19.2,18.4,89.4,16.6,,,,,,,,,,,,,,,,,,,,,,,
1,3,146,Building 146,CA,"962,974","46,695","3,887,690",80,76,91,100,96,77,0.8,0.79,1.18,0.84,33.4,32,81.4,29.8,,,,,,,,,,,,,,,,,,,,,,,
1,3,147,Building 147,CA,"962,974","28,369","3,887,690",46,44,56,47,64,65,0.98,0.69,0.86,0.9,60.4,20.4,39.2,43.4,,,,,,,,,,,,,,,,,,,,,,,
1,3,148,Building 148,CA,"962,974","4,130","3,887,690",68,76,66,51,63,100,1.33,1.21,0.66,1.22,90.2,85.2,17,91,,,,,,,,,,,,,,,,,,,,,,,
1,3,149,Building 149,CA,"962,974","22,119","3,887,690",95,87,92,93,70,81,1.02,1.24,1.14,1.09,67.2,86.4,75,77.2,,,,,,,,,,,,,,,,,,,,,,,
1,3,150,Building 150,CA,"962,974","52,983","3,887,690",88,95,93,80,76,94,1.1,1.25,0.99,1.12,74.4,86.6,58.8,83.2,,,,,,,,,,,,,,,,,,,,,,,
1,4,151,Building 151,NY,"359,937","16,045","3,887,690",54,52,63,79,48,82,0.68,1.08,0.77,0.79,20.6,75,26.6,20.4,0.87,0.89,0.89,0.88,34.78,47.83,42.03,39.13,,,,,,,,,,,,,,,
1,4,152,Building 152,NY,"359,937","1,984","3,887,690",33,39,42,16,70,68,2.06,0.56,0.62,1.54,98,9.8,13,97.2,,,,,,,,,,,,,,,,,,,,,,,
1,4,153,Building 153,NY,"359,937","33,930","3,887,690",96,98,98,100,100,100,0.96,0.98,0.98,0.97,57.2,63.8,58,56.6,,,,,,,,,,,,,,,,,,,,,,,
1,4,154,Building 154,NY,"359,937","20,466","3,887,690",22,26,28,48,55,55,0.46,0.47,0.51,0.47,2.6,4.4,5,0.2,,,,,,,,,,,,,,,,,,,,,,,
1,4,155,Building 155,NY,"359,937","48,826","3,887,690",86,76,49,100,84,48,0.86,0.9,1.02,0.89,41.4,50.8,63.2,41.4,,,,,,,,,,,,,,,,,,,,,,,
1,4,156,Building 156,NY,"359,937","1,867","3,887,690",46,53,55,68,53,88,0.68,1,0.63,0.74,20,65,14.2,17,,,,,,,,,,,,,,,,,,,,,,,
1,4,157,Building 157,NY,"359,937","23,987","3,887,690",81,86,90,72,97,87,1.13,0.89,1.03,1.06,77.2,47,64.6,73.2,,,,,,,,,,,,,,,,,,,,,,,
1,4,158,Building 158,NY,"359,937","57,842","3,887,690",75,72,79,88,71,80,0.85,1.01,0.99,0.91,40.4,68,58.6,45.6,,,,,,,,,,,,,,,,,,,,,,,
1,4,159,Building 159,NY,"359,937","2,463","3,887,690",91,79,87,100,100,99,0.91,0.79,0.88,0.88,50.6,31.6,41.2,38.6,,,,,,,,,,,,,,,,,,,,,,,
1,4,160,Building 160,NY,"359,937","8,259","3,887,690",27,32,79,13,17,67,2.08,1.88,1.18,1.92,98.4,97.8,80.8,99,,,,,,,,,,,,,,,,,,,,,,,
1,4,161,Building 161,NY,"359,937","6,022","3,887,690",57,49,56,88,81,95,0.65,0.6,0.59,0.63,16,13.4,9.8,3.4,,,,,,,,,,,,,,,,,,,,,,,
1,4,162,Building 162,NY,"359,937","2,127","3,887,690",23,31,23,18,44,17,1.28,0.7,1.35,1.15,87.6,22.8,91.8,85.6,,,,,,,,,,,,,,,,,,,,,,,
1,4,163,Building 163,NY,"359,937","19,981","3,887,690",71,99,46,96,89,37,0.74,1.11,1.24,0.89,26,77,86.2,40.4,,,,,,,,,,,,,,,,,,,,,,,
1,4,164,Building 164,NY,"359,937","21,831","3,887,690",62,65,56,58,70,59,1.07,0.93,0.95,1.02,71.4,55.2,53,67.8,,,,,,,,,,,,,,,,,,,,,,,
1,4,165,Building 165,NY,"359,937","2,208","3,887,690",38,30,75,27,29,70,1.41,1.03,1.07,1.28,92.6,70.2,68.6,93.8,,,,,,,,,,,,,,,,,,,,,,,
1,4,166,Building 166,NY,"359,937","37,157","3,887,690",73,79,64,68,100,87,1.07,0.79,0.74,0.97,71.8,31.6,23.6,56.8,,,,,,,,,,,,,,,,,,,,,,,
1,4,167,Building 167,NY,"359,937","3,503","3,887,690",78,69,71,83,52,85,0.94,1.33,0.84,1.02,53.8,89.4,35.2,66.2,,,,,,,,,,,,,,,,,,,,,,,
1,4,168,Building 168,NY,"359,937","13,576","3,887,690",98,92,29,100,100,27,0.98,0.92,1.07,0.98,60.8,52.8,69.2,59,,,,,,,,,,,,,,,,,,,,,,,
1,4,169,Building 169,NY,"359,937","24,777","3,887,690",31,35,33,66,19,30,0.47,1.84,1.1,0.86,3.4,97.2,72.4,33.4,,,,,,,,,,,,,,,,,,,,,,,
1,4,170,Building 170,NY,"359,937","13,086","3,887,690",48,50,31,83,78,19,0.58,0.64,1.63,0.72,9.2,16.2,96.2,14.2,,,,,,,,,,,,,,,,,,,,,,,
1,5,171,Building 171,CA,"142,558","1,775","3,887,690",69,70,42,64,100,39,1.08,0.7,1.08,0.99,72.6,22,69.4,62,1.05,0.94,0.87,1.01,88.41,65.22,37.68,84.06,,,,,,,,,,,,,,,
1,5,172,Building 172,CA,"142,558","2,604","3,887,690",92,101,89,100,84,94,0.92,1.2,0.95,0.99,52.2,84.4,52.8,60.6,,,,,,,,,,,,,,,,,,,,,,,
1,5,173,Building 173,CA,"142,558","3,577","3,887,690",83,77,90,66,99,78,1.26,0.78,1.15,1.13,85.6,30.2,77.2,83.8,,,,,,,,,,,,,,,,,,,,,,,
1,5,174,Building 174,CA,"142,558","22,831","3,887,690",98,106,96,100,100,100,0.98,1.06,0.96,1,60.8,71.8,54.2,62.8,,,,,,,,,,,,,,,,,,,,,,,
1,5,175,Building 175,CA,"142,558","18,764","3,887,690",41,59,31,36,53,54,1.14,1.11,0.57,1.07,79,77.2,8.2,74,,,,,,,,,,,,,,,,,,,,,,,
1,5,176,Building 176,CA,"142,558","13,668","3,887,690",77,87,73,86,100,100,0.9,0.87,0.73,0.87,48.2,44,22.4,35.8,,,,,,,,,,,,,,,,,,,,,,,
1,5,177,Building 177,CA,"142,558","11,154","3,887,690",57,71,57,50,55,57,1.14,1.29,1,1.16,79.2,88.2,59.2,86,,,,,,,,,,,,,,,,,,,,,,,
1,5,178,Building 178,CA,"142,558","1,061","3,887,690",57,47,52,50,43,88,1.14,1.09,0.59,1.06,79.2,76.2,10,73.6,,,,,,,,,,,,,,,,,,,,,,,
1,5,179,Building 179,CA,"142,558","34,651","3,887,690",35,45,43,36,75,48,0.97,0.6,0.9,0.88,59.6,13.2,43.6,38.4,,,,,,,,,,,,,,,,,,,,,,,
1,5,180,Building 180,CA,"142,558","32,473","3,887,690",57,55,48,44,53,54,1.3,1.04,0.89,1.19,89.4,70.6,42.6,88.8,,,,,,,,,,,,,,,,,,,,,,,
1,6,181,Building 181,CA,"179,037","8,423","3,887,690",48,50,58,82,57,69,0.59,0.88,0.84,0.68,9.8,45.2,36.4,10.4,0.83,0.84,0.97,0.85,26.09,34.78,62.32,23.19,,,,,,,,,,,,,,,
1,6,182,Building 182,CA,"179,037","2,510","3,887,690",37,31,30,32,66,11,1.16,0.47,2.73,1.19,80,4,99.6,88.6,,,,,,,,,,,,,,,,,,,,,,,
1,6,183,Building 183,CA,"179,037","73,446","3,887,690",54,52,49,83,58,36,0.65,0.9,1.36,0.79,17,49,92.4,21.6,,,,,,,,,,,,,,,,,,,,,,,
1,6,184,Building 184,CA,"179,037","7,565","3,887,690",23,14,27,59,5,33,0.39,2.8,0.82,1,0.4,99,32.6,62.6,,,,,,,,,,,,,,,,,,,,,,,
1,6,185,Building 185,CA,"179,037","2,661","3,887,690",36,43,44,47,74,57,0.77,0.58,0.77,0.72,29.6,11.8,27.2,15.6,,,,,,,,,,,,,,,,,,,,,,,
1,6,186,Building 186,CA,"179,037","27,608","3,887,690",88,97,23,100,100,25,0.88,0.97,0.92,0.91,44,61.6,48.4,45.4,,,,,,,,,,,,,,,,,,,,,,,
1,6,187,Building 187,CA,"179,037","26,737","3,887,690",71,80,62,63,100,56,1.13,0.8,1.11,1.05,77.8,33,73.6,70.4,,,,,,,,,,,,,,,,,,,,,,,
1,6,188,Building 188,CA,"179,037","2,541","3,887,690",95,94,101,95,100,100,1,0.94,1.01,0.99,63.2,57,62.2,60.4,,,,,,,,,,,,,,,,,,,,,,,
1,6,189,Building 189,CA,"179,037","17,329","3,887,690",30,33,41,34,43,63,0.88,0.77,0.65,0.83,45.4,29.4,16.6,27,,,,,,,,,,,,,,,,,,,,,,,
1,6,190,Building 190,CA,"179,037","10,217","3,887,690",22,24,15,13,13,13,1.69,1.85,1.15,1.66,96.8,97.4,77.2,98,,,,,,,,,,,,,,,,,,,,,,,
1,7,191,Building 191,NY,"117,526","40,278","3,887,690",83,93,85,100,97,100,0.83,0.96,0.85,0.86,37.6,60.6,37,33.8,0.92,0.81,0.83,0.89,62.32,23.19,30.43,44.93,,,,,,,,,,,,,,,
1,7,192,Building 192,NY,"117,526","26,700","3,887,690",61,69,58,58,69,45,1.05,1,1.29,1.07,69.8,65,89.6,74.6,,,,,,,,,,,,,,,,,,,,,,,
1,7,193,Building 193,NY,"117,526","18,360","3,887,690",39,39,34,44,76,72,0.89,0.51,0.47,0.75,46.2,6.6,2.8,18,,,,,,,,,,,,,,,,,,,,,,,
1,7,194,Building 194,NY,"117,526","7,935","3,887,690",22,23,31,18,18,25,1.22,1.28,1.24,1.24,83.4,87.8,86,91.8,,,,,,,,,,,,,,,,,,,,,,,
1,7,195,Building 195,NY,"117,526","24,253","3,887,690",36,42,58,41,69,77,0.88,0.61,0.75,0.8,43.4,14,25.2,22.2,,,,,,,,,,,,,,,,,,,,,,,
1,8,196,Building 196,TX,"26,557","17,761","3,887,690",97,53,91,83,59,83,1.17,0.9,1.1,1.1,81,49.2,71.6,80,0.91,0.95,0.97,0.93,57.97,68.12,63.77,69.57,,,,,,,,,,,,,,,
1,8,197,Building 197,TX,"26,557","6,643","3,887,690",33,35,30,68,47,20,0.49,0.74,1.5,0.67,4.2,27.2,95,8.4,,,,,,,,,,,,,,,,,,,,,,,
1,8,198,Building 198,TX,"26,557","2,153","3,887,690",44,43,34,40,32,56,1.1,1.34,0.61,1.1,74.4,89.8,11.8,79.6,,,,,,,,,,,,,,,,,,,,,,,
1,9,199,Building 199,TX,"5,447","5,447","3,887,690",47,45,55,29,49,66,1.62,0.92,0.83,1.36,96,52.6,34.8,95.2,1.62,0.92,0.83,1.36,100,59.42,28.99,98.55,,,,,,,,,,,,,,,
1,10,200,Building 200,NY,"16,970","16,970","3,887,690",76,76,77,100,66,65,0.76,1.15,1.18,0.9,28,80.6,81.6,44.6,0.76,1.15,1.18,0.9,17.39,89.86,92.75,55.07,,,,,,,,,,,,,,,
2,11,201,Building 201,NY,"813,173","2,412","1,754,552",27,31,23,40,70,5,0.68,0.44,4.6,1.09,19.8,2.8,100,78.8,0.85,0.88,0.89,0.86,31.88,46.38,43.48,27.54,0.89,0.86,0.88,0.89,55,35,25,35,,,,,,,
2,11,202,Building 202,NY,"813,173","1,727","1,754,552",48,47,40,44,44,52,1.09,1.07,0.77,1.05,73.6,73.6,26.8,70,,,,,,,,,,,,,,,,,,,,,,,
2,11,203,Building 203,NY,"813,173","4,871","1,754,552",41,31,49,29,31,47,1.41,1,1.04,1.27,93,65,65.8,93.4,,,,,,,,,,,,,,,,,,,,,,,
2,11,204,Building 204,NY,"813,173","44,326","1,754,552",51,41,42,70,35,38,0.73,1.17,1.11,0.88,24.6,82.8,73.2,37.8,,,,,,,,,,,,,,,,,,,,,,,
2,11,205,Building 205,NY,"813,173","13,850","1,754,552",28,31,19,59,54,20,0.47,0.57,0.95,0.55,3.6,10.8,53.2,1,,,,,,,,,,,,,,,,,,,,,,,
2,11,206,Building 206,NY,"813,173","7,086","1,754,552",61,69,61,83,51,58,0.73,1.35,1.05,0.92,25.6,90.2,66.8,48.2,,,,,,,,,,,,,,,,,,,,,,,
2,11,207,Building 207,NY,"813,173","11,957","1,754,552",20,89,16,41,100,51,0.49,0.89,0.31,0.56,4.4,47.6,0.2,1.6,,,,,,,,,,,,,,,,,,,,,,,
2,11,208,Building 208,NY,"813,173","10,136","1,754,552",79,77,35,62,82,20,1.27,0.94,1.75,1.25,87.4,56.8,96.8,92.2,,,,,,,,,,,,,,,,,,,,,,,
2,11,209,Building 209,NY,"813,173","1,435","1,754,552",74,71,74,80,82,71,0.93,0.87,1.04,0.93,52.6,43.4,65.6,49.8,,,,,,,,,,,,,,,,,,,,,,,
2,11,210,Building 210,NY,"813,173","2,281","1,754,552",83,88,57,100,71,91,0.83,1.24,0.63,0.9,37.6,86,14.8,44,,,,,,,,,,,,,,,,,,,,,,,
2,11,211,Building 211,NY,"813,173","22,684","1,754,552",26,17,81,28,37,70,0.93,0.46,1.16,0.85,52.8,3.4,78.4,31,,,,,,,,,,,,,,,,,,,,,,,
2,11,212,Building 212,NY,"813,173","38,881","1,754,552",48,39,43,58,21,65,0.83,1.86,0.66,1.04,37.4,97.6,17.6,69.6,,,,,,,,,,,,,,,,,,,,,,,
2,11,213,Building 213,NY,"813,173","36,114","1,754,552",58,50,57,72,47,92,0.81,1.06,0.62,0.84,34.4,72.8,13.4,29.4,,,,,,,,,,,,,,,,,,,,,,,
2,11,214,Building 214,NY,"813,173","29,932","1,754,552",55,59,47,82,89,69,0.67,0.66,0.68,0.67,19.4,18,19,8.8,,,,,,,,,,,,,,,,,,,,,,,
2,11,215,Building 215,NY,"813,173","36,913","1,754,552",49,58,46,87,91,37,0.56,0.64,1.24,0.66,6.6,16,86.2,8,,,,,,,,,,,,,,,,,,,,,,,
2,11,216,Building 216,NY,"813,173","10,291","1,754,552",39,32,43,20,44,74,1.95,0.73,0.58,1.5,97.6,24.6,9,96.8,,,,,,,,,,,,,,,,,,,,,,,
2,11,217,Building 217,NY,"813,173","12,436","1,754,552",50,42,72,55,33,94,0.91,1.27,0.77,0.98,50.4,87.4,26.4,58.6,,,,,,,,,,,,,,,,,,,,,,,
2,11,218,Building 218,NY,"813,173","14,894","1,754,552",79,77,81,100,100,100,0.79,0.77,0.81,0.79,32.6,30,31.8,20.6,,,,,,,,,,,,,,,,,,,,,,,
2,11,219,Building 219,NY,"813,173","38,785","1,754,552",76,70,21,79,51,18,0.96,1.37,1.17,1.08,58,91.2,80,76.4,,,,,,,,,,,,,,,,,,,,,,,
2,11,220,Building 220,NY,"813,173","16,959","1,754,552",73,82,71,100,65,95,0.73,1.26,0.75,0.85,24.8,87,24.2,32.4,,,,,,,,,,,,,,,,,,,,,,,
2,11,221,Building 221,NY,"813,173","1,301","1,754,552",90,92,99,100,100,81,0.9,0.92,1.22,0.94,48.8,52.8,84.8,52.8,,,,,,,,,,,,,,,,,,,,,,,
2,11,222,Building 222,NY,"813,173","17,235","1,754,552",42,52,94,44,70,89,0.95,0.74,1.06,0.92,56.8,27,67.2,48.8,,,,,,,,,,,,,,,,,,,,,,,
2,11,223,Building 223,NY,"813,173","11,463","1,754,552",85,81,90,92,95,100,0.92,0.85,0.9,0.9,52.4,41.4,44.2,45,,,,,,,,,,,,,,,,,,,,,,,
2,11,224,Building 224,NY,"813,173","21,121","1,754,552",36,44,31,16,32,41,2.25,1.38,0.76,1.87,99,91.4,25.8,98.8,,,,,,,,,,,,,,,,,,,,,,,
2,11,225,Building 225,NY,"813,173","19,851","1,754,552",49,90,47,86,86,51,0.57,1.05,0.92,0.72,7.6,71.4,49.8,15.2,,,,,,,,,,,,,,,,,,,,,,,
2,11,226,Building 226,NY,"813,173","31,861","1,754,552",36,34,34,36,25,52,1,1.36,0.65,1.04,63.2,90.4,16.8,69,,,,,,,,,,,,,,,,,,,,,,,
2,11,227,Building 227,NY,"813,173","13,221","1,754,552",74,66,79,88,63,100,0.84,1.05,0.79,0.88,39.4,71.6,28.4,39.6,,,,,,,,,,,,,,,,,,,,,,,
2,11,228,Building 228,NY,"813,173","1,152","1,754,552",44,51,50,77,78,55,0.57,0.65,0.91,0.63,8,17.2,46,3.6,,,,,,,,,,,,,,,,,,,,,,,
2,11,229,Building 229,NY,"813,173","5,379","1,754,552",83,67,79,91,91,98,0.91,0.74,0.81,0.86,51.8,25.8,31,33,,,,,,,,,,,,,,,,,,,,,,,
2,11,230,Building 230,NY,"813,173","17,164","1,754,552",34,39,41,48,79,69,0.71,0.49,0.59,0.65,23.6,5.4,10.2,6,,,,,,,,,,,,,,,,,,,,,,,
2,11,231,Building 231,NY,"813,173","29,063","1,754,552",82,76,88,93,62,69,0.88,1.23,1.28,1.01,45.2,85.8,89,64.6,,,,,,,,,,,,,,,,,,,,,,,
2,11,232,Building 232,NY,"813,173","15,507","1,754,552",73,64,65,74,49,60,0.99,1.31,1.08,1.07,62.6,88.4,70,75.2,,,,,,,,,,,,,,,,,,,,,,,
2,11,233,Building 233,NY,"813,173","7,147","1,754,552",58,63,53,53,86,56,1.09,0.73,0.95,0.99,73.8,25.6,52.6,62.2,,,,,,,,,,,,,,,,,,,,,,,
2,11,234,Building 234,NY,"813,173","2,492","1,754,552",51,55,41,73,90,58,0.7,0.61,0.71,0.68,22.4,14.4,20.8,10,,,,,,,,,,,,,,,,,,,,,,,
2,11,235,Building 235,NY,"813,173","35,863","1,754,552",63,65,56,91,89,39,0.69,0.73,1.44,0.79,21.8,25.4,94.4,20.8,,,,,,,,,,,,,,,,,,,,,,,
2,11,236,Building 236,NY,"813,173","4,662","1,754,552",26,33,32,34,36,27,0.76,0.92,1.19,0.85,29.4,52.4,82.2,31.8,,,,,,,,,,,,,,,,,,,,,,,
2,11,237,Building 237,NY,"813,173","29,597","1,754,552",65,57,61,100,92,49,0.65,0.62,1.24,0.71,16.4,15,86.6,13.8,,,,,,,,,,,,,,,,,,,,,,,
2,11,238,Building 238,NY,"813,173","35,989","1,754,552",91,83,90,80,100,84,1.14,0.83,1.07,1.06,78.6,38,68.6,73,,,,,,,,,,,,,,,,,,,,,,,
2,11,239,Building 239,NY,"813,173","20,796","1,754,552",91,97,81,100,100,62,0.91,0.97,1.31,0.97,50.6,61.6,90.8,58,,,,,,,,,,,,,,,,,,,,,,,
2,11,240,Building 240,NY,"813,173","40,322","1,754,552",45,46,36,82,32,31,0.55,1.44,1.16,0.83,6.2,93.4,79.6,26.4,,,,,,,,,,,,,,,,,,,,,,,
2,11,241,Building 241,NY,"813,173","13,888","1,754,552",81,75,82,100,66,100,0.81,1.14,0.82,0.89,35.2,78.8,32.8,40.6,,,,,,,,,,,,,,,,,,,,,,,
2,11,242,Building 242,NY,"813,173","4,448","1,754,552",31,26,29,15,28,42,2.07,0.93,0.69,1.64,98.2,55.2,19.4,97.6,,,,,,,,,,,,,,,,,,,,,,,
2,11,243,Building 243,NY,"813,173","17,187","1,754,552",80,84,84,62,100,66,1.29,0.84,1.27,1.18,88.6,39.6,88.8,88.2,,,,,,,,,,,,,,,,,,,,,,,
2,11,244,Building 244,NY,"813,173","8,864","1,754,552",94,98,91,100,100,100,0.94,0.98,0.91,0.95,54,63.8,46.2,53.6,,,,,,,,,,,,,,,,,,,,,,,
2,11,245,Building 245,NY,"813,173","12,360","1,754,552",50,41,56,73,49,93,0.68,0.84,0.6,0.71,21,39.2,11.2,13.6,,,,,,,,,,,,,,,,,,,,,,,
2,11,246,Building 246,NY,"813,173","7,776","1,754,552",54,46,47,79,83,80,0.68,0.55,0.59,0.64,20.6,9.2,9.6,5.4,,,,,,,,,,,,,,,,,,,,,,,
2,11,247,Building 247,NY,"813,173","7,489","1,754,552",69,66,79,56,83,90,1.23,0.8,0.88,1.09,83.6,32.4,41,78,,,,,,,,,,,,,,,,,,,,,,,
2,11,248,Building 248,NY,"813,173","7,501","1,754,552",66,73,93,58,100,100,1.14,0.73,0.93,1.02,78.8,25.2,50.2,66.8,,,,,,,,,,,,,,,,,,,,,,,
2,11,249,Building 249,NY,"813,173","10,322","1,754,552",55,56,51,57,65,54,0.96,0.86,0.94,0.94,58.2,42.2,52,51.8,,,,,,,,,,,,,,,,,,,,,,,
2,11,250,Building 250,NY,"813,173","4,182","1,754,552",29,47,29,50,52,60,0.58,0.9,0.48,0.64,9.4,50.6,3.6,5.8,,,,,,,,,,,,,,,,,,,,,,,
2,12,251,Building 251,CA,"433,251","5,742","1,754,552",89,98,87,100,100,100,0.89,0.98,0.87,0.91,46.8,63.8,40,46,1.01,0.92,0.89,0.98,79.71,62.32,40.58,78.26,,,,,,,,,,,,,,,
2,12,252,Building 252,CA,"433,251","22,070","1,754,552",29,22,21,36,13,13,0.81,1.69,1.62,1.11,34.4,95.6,96,81,,,,,,,,,,,,,,,,,,,,,,,
2,12,253,Building 253,CA,"433,251","73,086","1,754,552",89,93,83,100,100,100,0.89,0.93,0.83,0.89,46.8,55.6,34.2,42.4,,,,,,,,,,,,,,,,,,,,,,,
2,12,254,Building 254,CA,"433,251","7,151","1,754,552",91,71,84,82,90,94,1.11,0.79,0.89,1.01,75.6,31.4,43.4,65.2,,,,,,,,,,,,,,,,,,,,,,,
2,12,255,Building 255,CA,"433,251","13,411","1,754,552",27,27,67,9,29,81,3,0.93,0.83,2.26,99.4,56.2,33.6,99.4,,,,,,,,,,,,,,,,,,,,,,,
2,12,256,Building 256,CA,"433,251","7,507","1,754,552",53,47,50,66,42,47,0.8,1.12,1.06,0.91,34.2,77.8,68.2,45.8,,,,,,,,,,,,,,,,,,,,,,,
2,12,257,Building 257,CA,"433,251","48,291","1,754,552",51,48,41,52,46,74,0.98,1.04,0.55,0.94,62,71.2,6.8,53.2,,,,,,,,,,,,,,,,,,,,,,,
2,12,258,Building 258,CA,"433,251","1,510","1,754,552",67,97,63,53,100,70,1.26,0.97,0.9,1.15,86.4,61.6,44.2,85,,,,,,,,,,,,,,,,,,,,,,,
2,12,259,Building 259,CA,"433,251","9,468","1,754,552",74,81,81,89,83,89,0.83,0.98,0.91,0.87,38.4,63.2,47.2,37.6,,,,,,,,,,,,,,,,,,,,,,,
2,12,260,Building 260,CA,"433,251","47,606","1,754,552",61,64,68,49,92,96,1.24,0.7,0.71,1.05,84.8,21.2,21,71.4,,,,,,,,,,,,,,,,,,,,,,,
2,12,261,Building 261,CA,"433,251","8,277","1,754,552",81,84,90,80,92,100,1.01,0.91,0.9,0.98,66.8,52,44.2,58.8,,,,,,,,,,,,,,,,,,,,,,,
2,12,262,Building 262,CA,"433,251","26,425","1,754,552",58,59,56,38,68,92,1.53,0.87,0.61,1.26,94.8,43.8,12,92.6,,,,,,,,,,,,,,,,,,,,,,,
2,12,263,Building 263,CA,"433,251","17,153","1,754,552",99,95,108,99,92,98,1,1.03,1.1,1.02,63.2,69.8,72.8,67.4,,,,,,,,,,,,,,,,,,,,,,,
2,12,264,Building 264,CA,"433,251","46,225","1,754,552",97,87,63,100,86,63,0.97,1.01,1,0.98,59,67.8,59.2,59.4,,,,,,,,,,,,,,,,,,,,,,,
2,12,265,Building 265,CA,"433,251","35,631","1,754,552",100,95,99,100,100,100,1,0.95,0.99,0.99,63.2,58.8,59,60.2,,,,,,,,,,,,,,,,,,,,,,,
2,12,266,Building 266,CA,"433,251","10,644","1,754,552",86,78,91,100,100,100,0.86,0.78,0.91,0.85,41.4,30.6,46.2,30.8,,,,,,,,,,,,,,,,,,,,,,,
2,12,267,Building 267,CA,"433,251","3,716","1,754,552",73,70,81,66,70,74,1.11,1,1.09,1.08,75.2,65,71.2,76.2,,,,,,,,,,,,,,,,,,,,,,,
2,12,268,Building 268,CA,"433,251","19,848","1,754,552",42,22,37,65,43,46,0.65,0.51,0.8,0.63,15.2,6.2,30.8,4.4,,,,,,,,,,,,,,,,,,,,,,,
2,12,269,Building 269,CA,"433,251","10,669","1,754,552",97,87,87,77,80,92,1.26,1.09,0.95,1.18,86,75.4,52.4,87.8,,,,,,,,,,,,,,,,,,,,,,,
2,12,270,Building 270,CA,"433,251","18,821","1,754,552",67,73,53,53,86,61,1.26,0.85,0.87,1.12,86.4,40.6,39.8,83,,,,,,,,,,,,,,,,,,,,,,,
2,13,271,Building 271,CA,"127,179","8,294","1,754,552",26,81,16,9,100,36,2.89,0.81,0.44,2.12,99.2,35.2,2,99.2,1.03,0.74,0.83,0.94,82.61,14.49,24.64,72.46,,,,,,,,,,,,,,,
2,13,272,Building 272,CA,"127,179","23,987","1,754,552",54,58,60,46,67,55,1.17,0.87,1.09,1.09,81.4,43,70.2,79,,,,,,,,,,,,,,,,,,,,,,,
2,13,273,Building 273,CA,"127,179","4,921","1,754,552",34,33,41,44,71,49,0.77,0.46,0.84,0.71,30.6,3.8,35.4,13.4,,,,,,,,,,,,,,,,,,,,,,,
2,13,274,Building 274,CA,"127,179","13,319","1,754,552",73,24,67,61,6,75,1.2,4,0.89,1.81,82.4,99.6,43.2,98.4,,,,,,,,,,,,,,,,,,,,,,,
2,13,275,Building 275,CA,"127,179","5,764","1,754,552",55,51,64,51,89,81,1.08,0.57,0.79,0.93,72.8,10.6,29,50,,,,,,,,,,,,,,,,,,,,,,,
2,13,276,Building 276,CA,"127,179","22,160","1,754,552",66,69,60,98,73,85,0.67,0.95,0.71,0.74,19.6,58.2,20.6,16.4,,,,,,,,,,,,,,,,,,,,,,,
2,13,277,Building 277,CA,"127,179","2,532","1,754,552",79,88,72,59,80,98,1.34,1.1,0.73,1.21,90.6,76.4,23.4,90.2,,,,,,,,,,,,,,,,,,,,,,,
2,13,278,Building 278,CA,"127,179","3,500","1,754,552",43,47,42,57,77,60,0.75,0.61,0.7,0.71,27.2,14.2,20,14,,,,,,,,,,,,,,,,,,,,,,,
2,13,279,Building 279,CA,"127,179","20,895","1,754,552",51,41,53,48,80,51,1.06,0.51,1.04,0.93,70.6,6.4,65,51,,,,,,,,,,,,,,,,,,,,,,,
2,13,280,Building 280,CA,"127,179","21,807","1,754,552",25,30,27,18,59,18,1.39,0.51,1.5,1.2,91.6,5.8,95,89.2,,,,,,,,,,,,,,,,,,,,,,,
2,14,281,Building 281,CA,"44,581","3,044","1,754,552",25,26,16,54,15,6,0.46,1.73,2.67,1.02,3,96.2,99.2,67,0.83,0.98,0.9,0.87,27.54,72.46,50.72,36.23,,,,,,,,,,,,,,,
2,14,282,Building 282,CA,"44,581","11,880","1,754,552",25,21,29,8,37,34,3.13,0.57,0.85,2.26,99.6,10.4,37.6,99.6,,,,,,,,,,,,,,,,,,,,,,,
2,14,283,Building 283,CA,"44,581","10,204","1,754,552",57,59,55,89,72,86,0.64,0.82,0.64,0.68,14.6,36.8,15.2,10.2,,,,,,,,,,,,,,,,,,,,,,,
2,14,284,Building 284,CA,"44,581","16,828","1,754,552",76,92,85,66,100,100,1.15,0.92,0.85,1.06,79.6,52.8,37,73.4,,,,,,,,,,,,,,,,,,,,,,,
2,14,285,Building 285,CA,"44,581","2,625","1,754,552",81,71,77,100,51,65,0.81,1.39,1.18,0.99,35.2,92.6,81.6,61.4,,,,,,,,,,,,,,,,,,,,,,,
2,15,286,Building 286,TX,"66,347","5,125","1,754,552",49,90,88,87,100,88,0.56,0.9,1,0.69,6.6,49.4,59.2,11.6,0.79,0.86,0.75,0.8,18.84,37.68,11.59,13.04,,,,,,,,,,,,,,,
2,15,287,Building 287,TX,"66,347","2,057","1,754,552",52,59,53,41,83,92,1.27,0.71,0.58,1.06,87,23.4,8.6,72.4,,,,,,,,,,,,,,,,,,,,,,,
2,15,288,Building 288,TX,"66,347","13,445","1,754,552",61,57,62,93,41,91,0.66,1.39,0.68,0.83,17.4,92.4,19.2,26.8,,,,,,,,,,,,,,,,,,,,,,,
2,15,289,Building 289,TX,"66,347","30,164","1,754,552",41,37,46,56,33,58,0.73,1.12,0.79,0.83,25.4,78,29.4,27.2,,,,,,,,,,,,,,,,,,,,,,,
2,15,290,Building 290,TX,"66,347","15,556","1,754,552",35,33,34,25,65,47,1.4,0.51,0.72,1.11,91.8,5.6,21.8,82,,,,,,,,,,,,,,,,,,,,,,,
2,16,291,Building 291,FL,"169,538","45,112","1,754,552",33,40,35,69,77,33,0.48,0.52,1.06,0.56,3.8,7.6,68,1.2,0.68,0.72,0.83,0.71,13.04,11.59,27.54,4.35,,,,,,,,,,,,,,,
2,16,292,Building 292,FL,"169,538","24,426","1,754,552",78,80,83,100,100,100,0.78,0.8,0.83,0.79,31.2,33,34.2,21.2,,,,,,,,,,,,,,,,,,,,,,,
2,16,293,Building 293,FL,"169,538","100,000","1,754,552",73,74,76,100,94,100,0.73,0.79,0.76,0.75,24.8,31.2,26,17.4,,,,,,,,,,,,,,,,,,,,,,,
2,17,294,Building 294,NY,"25,767","1,500","1,754,552",66,57,65,56,60,56,1.18,0.95,1.16,1.12,82,58.8,79.4,83.6,1.1,0.83,1.05,1.03,94.2,30.43,79.71,88.41,,,,,,,,,,,,,,,
2,17,295,Building 295,NY,"25,767","9,725","1,754,552",63,64,57,71,71,52,0.89,0.9,1.1,0.92,46.4,50.4,71.4,48.4,,,,,,,,,,,,,,,,,,,,,,,
2,17,296,Building 296,NY,"25,767","14,542","1,754,552",60,70,53,45,98,58,1.33,0.71,0.91,1.14,90.2,23.6,47.4,84,,,,,,,,,,,,,,,,,,,,,,,
2,18,297,Building 297,FL,"19,060","14,098","1,754,552",82,86,83,82,90,100,1,0.96,0.83,0.97,63.2,60.2,34.2,57.4,0.84,0.92,0.72,0.85,30.43,60.87,5.8,21.74,,,,,,,,,,,,,,,
2,18,298,Building 298,FL,"19,060","4,962","1,754,552",21,23,31,40,28,58,0.53,0.82,0.53,0.59,5.2,37,6,2.4,,,,,,,,,,,,,,,,,,,,,,,
2,19,299,Building 299,NY,"5,260","5,260","1,754,552",67,66,73,83,100,99,0.81,0.66,0.74,0.76,34.8,17.8,23.8,19.2,0.81,0.66,0.74,0.76,23.19,10.14,10.14,8.7,,,,,,,,,,,,,,,
2,20,300,Building 300,TX,"50,396","50,396","1,754,552",90,27,94,100,65,77,0.9,0.42,1.22,0.83,48.8,1.8,84.6,26.6,0.9,0.42,1.22,0.83,55.07,2.9,94.2,15.94,,,,,,,,,,,,,,,
3,21,301,Building 301,NY,"288,720","15,174","833,269",30,32,23,35,44,19,0.86,0.73,1.21,0.87,40.6,24.6,84,36,0.87,0.83,0.9,0.86,39.13,27.54,49.28,28.99,0.87,0.85,0.93,0.87,25,30,60,25,,,,,,,
3,21,302,Building 302,NY,"288,720","5,181","833,269",100,97,110,100,95,90,1,1.02,1.22,1.03,63.2,68.4,84.8,68.2,,,,,,,,,,,,,,,,,,,,,,,
3,21,303,Building 303,NY,"288,720","24,843","833,269",34,21,37,54,11,56,0.63,1.91,0.66,0.93,13.2,98,17.4,50.2,,,,,,,,,,,,,,,,,,,,,,,
3,21,304,Building 304,NY,"288,720","2,902","833,269",87,90,77,68,100,65,1.28,0.9,1.18,1.18,88,49.4,81.6,87.6,,,,,,,,,,,,,,,,,,,,,,,
3,21,305,Building 305,NY,"288,720","17,565","833,269",49,57,40,57,97,33,0.86,0.59,1.21,0.84,41.2,12.2,84.2,28.6,,,,,,,,,,,,,,,,,,,,,,,
3,21,306,Building 306,NY,"288,720","39,192","833,269",36,44,43,29,79,38,1.24,0.56,1.13,1.07,84.6,9.6,74.6,75,,,,,,,,,,,,,,,,,,,,,,,
3,21,307,Building 307,NY,"288,720","8,334","833,269",90,89,50,72,100,63,1.25,0.89,0.79,1.11,85,47.6,29.6,81.8,,,,,,,,,,,,,,,,,,,,,,,
3,21,308,Building 308,NY,"288,720","27,966","833,269",35,35,27,55,50,44,0.64,0.7,0.61,0.65,14.2,22,12.4,6.4,,,,,,,,,,,,,,,,,,,,,,,
3,21,309,Building 309,NY,"288,720","8,548","833,269",63,60,62,44,96,59,1.43,0.63,1.05,1.2,93.6,15.2,66.6,89.4,,,,,,,,,,,,,,,,,,,,,,,
3,21,310,Building 310,NY,"288,720","2,848","833,269",40,36,34,26,31,65,1.54,1.16,0.52,1.33,95.2,81.4,5.6,94.4,,,,,,,,,,,,,,,,,,,,,,,
3,21,311,Building 311,NY,"288,720","30,782","833,269",27,37,93,42,24,100,0.64,1.54,0.93,0.88,14.8,94.8,50.2,40,,,,,,,,,,,,,,,,,,,,,,,
3,21,312,Building 312,NY,"288,720","1,269","833,269",51,44,45,66,82,41,0.77,0.54,1.1,0.76,30.6,8.2,72,18.6,,,,,,,,,,,,,,,,,,,,,,,
3,21,313,Building 313,NY,"288,720","12,167","833,269",52,60,57,44,51,88,1.18,1.18,0.65,1.12,82.2,83,15.8,82.2,,,,,,,,,,,,,,,,,,,,,,,
3,21,314,Building 314,NY,"288,720","25,686","833,269",73,76,76,84,100,83,0.87,0.76,0.92,0.85,42.4,28.8,47.8,31.2,,,,,,,,,,,,,,,,,,,,,,,
3,21,315,Building 315,NY,"288,720","1,833","833,269",45,45,43,63,76,49,0.71,0.59,0.88,0.71,23.8,12.6,40.8,13,,,,,,,,,,,,,,,,,,,,,,,
3,21,316,Building 316,NY,"288,720","5,111","833,269",47,50,41,74,45,36,0.64,1.11,1.14,0.81,13.8,76.8,75.8,22.6,,,,,,,,,,,,,,,,,,,,,,,
3,21,317,Building 317,NY,"288,720","32,231","833,269",66,64,72,100,91,90,0.66,0.7,0.8,0.69,17.8,22.4,30,11,,,,,,,,,,,,,,,,,,,,,,,
3,21,318,Building 318,NY,"288,720","2,487","833,269",80,76,40,99,76,71,0.81,1,0.56,0.82,35,65,7.8,25.6,,,,,,,,,,,,,,,,,,,,,,,
3,21,319,Building 319,NY,"288,720","18,989","833,269",39,32,30,69,37,29,0.57,0.86,1.03,0.69,7.2,42.8,64.6,11.2,,,,,,,,,,,,,,,,,,,,,,,
3,21,320,Building 320,NY,"288,720","5,612","833,269",38,35,34,61,18,31,0.62,1.94,1.1,0.98,12.4,98.2,71.8,59.8,,,,,,,,,,,,,,,,,,,,,,,
3,22,321,Building 321,TX,"157,961","1,315","833,269",78,70,69,63,88,94,1.24,0.8,0.73,1.08,84.4,32.6,23.2,75.6,0.94,0.83,0.91,0.91,66.67,28.99,52.17,63.77,,,,,,,,,,,,,,,
3,22,322,Building 322,TX,"157,961","15,071","833,269",60,59,58,42,49,53,1.43,1.2,1.09,1.34,93.4,85,71,94.8,,,,,,,,,,,,,,,,,,,,,,,
3,22,323,Building 323,TX,"157,961","3,467","833,269",70,80,79,65,100,100,1.08,0.8,0.79,0.98,72.4,33,28.4,59.2,,,,,,,,,,,,,,,,,,,,,,,
3,22,324,Building 324,TX,"157,961","20,230","833,269",32,22,54,40,29,75,0.8,0.76,0.72,0.78,33.4,28.6,21.4,20,,,,,,,,,,,,,,,,,,,,,,,
3,22,325,Building 325,TX,"157,961","39,684","833,269",60,22,25,74,54,39,0.81,0.41,0.64,0.7,35.6,1.6,15.6,12,,,,,,,,,,,,,,,,,,,,,,,
3,22,326,Building 326,TX,"157,961","2,985","833,269",68,76,63,79,57,51,0.86,1.33,1.24,1.01,42.2,89.6,85.8,65.8,,,,,,,,,,,,,,,,,,,,,,,
3,22,327,Building 327,TX,"157,961","52,785","833,269",77,67,84,81,100,100,0.95,0.67,0.84,0.87,56.6,19,35.8,37,,,,,,,,,,,,,,,,,,,,,,,
3,22,328,Building 328,TX,"157,961","2,542","833,269",67,72,70,71,72,64,0.94,1,1.09,0.97,55,65,70.8,58.4,,,,,,,,,,,,,,,,,,,,,,,
3,22,329,Building 329,TX,"157,961","11,558","833,269",54,45,63,86,76,70,0.63,0.59,0.9,0.65,12.8,12.6,44.2,6.8,,,,,,,,,,,,,,,,,,,,,,,
3,22,330,Building 330,TX,"157,961","8,324","833,269",94,88,100,100,100,84,0.94,0.88,1.19,0.96,54,45.6,82.6,55.2,,,,,,,,,,,,,,,,,,,,,,,
3,23,331,Building 331,NY,"85,785","31,917","833,269",86,78,79,100,100,87,0.86,0.78,0.91,0.85,41.4,30.6,45.8,30.6,0.89,0.92,1.03,0.91,47.83,57.97,71.01,62.32,,,,,,,,,,,,,,,
3,23,332,Building 332,NY,"85,785","8,210","833,269",79,77,73,77,77,82,1.03,1,0.89,1,68.2,65,43,63.6,,,,,,,,,,,,,,,,,,,,,,,
3,23,333,Building 333,NY,"85,785","4,779","833,269",55,45,45,83,51,32,0.66,0.88,1.41,0.8,18.4,46.2,93.6,22.4,,,,,,,,,,,,,,,,,,,,,,,
3,23,334,Building 334,NY,"85,785","38,142","833,269",90,95,89,100,100,77,0.9,0.95,1.16,0.94,48.8,58.8,78.2,52.4,,,,,,,,,,,,,,,,,,,,,,,
3,23,335,Building 335,NY,"85,785","2,737","833,269",98,97,94,100,100,90,0.98,0.97,1.04,0.99,60.8,61.6,66,60,,,,,,,,,,,,,,,,,,,,,,,
3,24,336,Building 336,NY,"96,843","31,584","833,269",81,84,50,72,91,42,1.13,0.92,1.19,1.09,77.2,54.2,82.6,77.4,0.9,0.84,1,0.9,56.52,36.23,66.67,56.52,,,,,,,,,,,,,,,
3,24,337,Building 337,NY,"96,843","33,729","833,269",55,46,46,66,66,39,0.83,0.7,1.18,0.84,38.6,21.6,81,29.6,,,,,,,,,,,,,,,,,,,,,,,
3,24,338,Building 338,NY,"96,843","27,015","833,269",88,79,82,100,89,89,0.88,0.89,0.92,0.89,44,47.4,49.6,41.2,,,,,,,,,,,,,,,,,,,,,,,
3,24,339,Building 339,NY,"96,843","2,902","833,269",33,35,28,51,55,48,0.65,0.64,0.58,0.64,15.4,15.8,9.4,4.6,,,,,,,,,,,,,,,,,,,,,,,
3,24,340,Building 340,NY,"96,843","1,613","833,269",32,22,44,31,14,31,1.03,1.57,1.42,1.2,68.6,95,94,89.6,,,,,,,,,,,,,,,,,,,,,,,
3,25,341,Building 341,CA,"17,453","1,958","833,269",46,56,52,68,77,80,0.68,0.73,0.65,0.68,20,24.6,16.2,10.8,0.64,0.96,0.76,0.73,7.25,69.57,14.49,7.25,,,,,,,,,,,,,,,
3,25,342,Building 342,CA,"17,453","15,495","833,269",48,24,41,79,6,42,0.61,4,0.98,1.43,11.2,99.6,57.2,95.6,,,,,,,,,,,,,,,,,,,,,,,
3,26,343,Building 343,CA,"72,260","8,010","833,269",94,90,84,99,100,96,0.95,0.9,0.88,0.93,55.6,49.4,40.6,50.6,0.97,0.72,1.04,0.92,72.46,13.04,72.46,68.12,,,,,,,,,,,,,,,
3,26,344,Building 344,CA,"72,260","64,250","833,269",100,27,90,100,62,72,1,0.44,1.25,0.9,63.2,2.6,87.2,44.4,,,,,,,,,,,,,,,,,,,,,,,
3,27,345,Building 345,CA,"61,384","39,185","833,269",96,35,93,100,26,93,0.96,1.35,1,1.05,57.2,90,59.2,71.2,0.8,1.4,1.08,0.97,20.29,100,86.96,76.81,,,,,,,,,,,,,,,
3,27,346,Building 346,CA,"61,384","22,199","833,269",48,46,53,80,32,42,0.6,1.44,1.26,0.87,10.8,93.4,88.2,36.6,,,,,,,,,,,,,,,,,,,,,,,
3,28,347,Building 347,NY,"20,052","13,522","833,269",25,16,79,65,9,79,0.38,1.78,1,0.78,0.2,96.8,59.2,19.8,0.59,1.15,1.1,0.78,5.8,88.41,89.86,11.59,,,,,,,,,,,,,,,
3,28,348,Building 348,NY,"20,052","6,530","833,269",73,70,82,100,66,67,0.73,1.06,1.22,0.87,24.8,72.4,85.4,34.2,,,,,,,,,,,,,,,,,,,,,,,
3,29,349,Building 349,TX,"29,822","29,822","833,269",40,86,34,46,91,47,0.87,0.95,0.72,0.87,42.6,58,21.8,35.6,0.87,0.95,0.72,0.87,36.23,66.67,7.25,33.33,,,,,,,,,,,,,,,
3,30,350,Building 350,CA,"2,989","2,989","833,269",57,41,51,57,79,82,1,0.52,0.62,0.84,63.2,7.4,13.8,30,1,0.52,0.62,0.84,76.81,5.8,2.9,20.29,,,,,,,,,,,,,,,
4,31,351,Building 351,CA,"252,012","1,544","859,124",92,58,88,85,40,90,1.08,1.45,0.98,1.15,73.2,93.8,57.8,85.4,0.88,0.81,0.96,0.87,43.48,24.64,59.42,34.78,0.88,0.84,0.98,0.88,40,25,75,30,,,,,,,
4,31,352,Building 352,CA,"252,012","6,842","859,124",58,65,66,54,69,58,1.07,0.94,1.14,1.05,72,57.6,75.4,70.6,,,,,,,,,,,,,,,,,,,,,,,
4,31,353,Building 353,CA,"252,012","25,176","859,124",58,53,63,55,92,50,1.05,0.58,1.26,0.97,70.2,11,88,57.2,,,,,,,,,,,,,,,,,,,,,,,
4,31,354,Building 354,CA,"252,012","16,572","859,124",47,28,48,72,16,86,0.65,1.75,0.56,0.89,17.2,96.6,7.2,43,,,,,,,,,,,,,,,,,,,,,,,
4,31,355,Building 355,CA,"252,012","20,093","859,124",32,27,27,72,21,57,0.44,1.29,0.47,0.64,1.6,88,3.2,5.2,,,,,,,,,,,,,,,,,,,,,,,
4,31,356,Building 356,CA,"252,012","15,652","859,124",49,42,46,42,52,32,1.17,0.81,1.44,1.12,80.8,34.8,94.6,82.4,,,,,,,,,,,,,,,,,,,,,,,
4,31,357,Building 357,CA,"252,012","31,609","859,124",66,74,64,47,100,44,1.4,0.74,1.45,1.26,92,26.4,94.8,92.4,,,,,,,,,,,,,,,,,,,,,,,
4,31,358,Building 358,CA,"252,012","2,577","859,124",42,39,46,72,71,35,0.58,0.55,1.31,0.66,9.6,8.6,91.4,8.2,,,,,,,,,,,,,,,,,,,,,,,
4,31,359,Building 359,CA,"252,012","7,594","859,124",22,27,24,23,40,9,0.96,0.68,2.67,1.1,57,19.6,99.2,79.8,,,,,,,,,,,,,,,,,,,,,,,
4,31,360,Building 360,CA,"252,012","30,037","859,124",22,23,28,17,61,11,1.29,0.38,2.55,1.23,89.2,0.8,98.8,91.4,,,,,,,,,,,,,,,,,,,,,,,
4,31,361,Building 361,CA,"252,012","14,305","859,124",77,80,76,100,100,100,0.77,0.8,0.76,0.78,30.4,33,26,19.4,,,,,,,,,,,,,,,,,,,,,,,
4,31,362,Building 362,CA,"252,012","11,742","859,124",86,79,94,98,97,100,0.88,0.81,0.94,0.87,43.2,36,51.6,36.4,,,,,,,,,,,,,,,,,,,,,,,
4,31,363,Building 363,CA,"252,012","7,637","859,124",85,79,79,83,96,100,1.02,0.82,0.79,0.95,67.8,37.6,28.4,54.2,,,,,,,,,,,,,,,,,,,,,,,
4,31,364,Building 364,CA,"252,012","5,255","859,124",30,38,27,38,21,24,0.79,1.81,1.13,1.06,32.4,97,74.2,73.8,,,,,,,,,,,,,,,,,,,,,,,
4,31,365,Building 365,CA,"252,012","14,378","859,124",44,51,52,48,32,55,0.92,1.59,0.95,1.08,52,95.2,52.2,75.8,,,,,,,,,,,,,,,,,,,,,,,
4,31,366,Building 366,CA,"252,012","4,506","859,124",54,53,88,61,66,100,0.89,0.8,0.88,0.87,46,34.2,41.4,34.4,,,,,,,,,,,,,,,,,,,,,,,
4,31,367,Building 367,CA,"252,012","18,315","859,124",42,48,32,49,79,41,0.86,0.61,0.78,0.79,40.6,13.6,28,21,,,,,,,,,,,,,,,,,,,,,,,
4,31,368,Building 368,CA,"252,012","4,408","859,124",53,59,43,90,89,38,0.59,0.66,1.13,0.67,10.2,18,74.6,9.2,,,,,,,,,,,,,,,,,,,,,,,
4,31,369,Building 369,CA,"252,012","6,003","859,124",37,34,44,47,70,49,0.79,0.49,0.9,0.73,32,5.2,44,16,,,,,,,,,,,,,,,,,,,,,,,
4,31,370,Building 370,CA,"252,012","7,767","859,124",96,104,94,90,96,100,1.07,1.08,0.94,1.06,71,75,51.6,71.8,,,,,,,,,,,,,,,,,,,,,,,
4,32,371,Building 371,TX,"352,490","8,244","859,124",49,77,48,86,81,55,0.57,0.95,0.87,0.69,7.6,60,40.4,11.8,0.89,0.84,0.99,0.89,46.38,33.33,65.22,46.38,,,,,,,,,,,,,,,
4,32,372,Building 372,TX,"352,490","1,758","859,124",47,64,47,52,64,78,0.9,1,0.6,0.89,50,65,11.6,41.6,,,,,,,,,,,,,,,,,,,,,,,
4,32,373,Building 373,TX,"352,490","2,625","859,124",98,69,103,97,71,100,1.01,0.97,1.03,1,66.4,63,64,64,,,,,,,,,,,,,,,,,,,,,,,
4,32,374,Building 374,TX,"352,490","4,380","859,124",46,36,38,77,40,76,0.6,0.9,0.5,0.66,10.6,49.4,4.6,7.2,,,,,,,,,,,,,,,,,,,,,,,
4,32,375,Building 375,TX,"352,490","35,843","859,124",76,42,82,85,81,63,0.89,0.52,1.3,0.86,48,7.2,90.4,32.6,,,,,,,,,,,,,,,,,,,,,,,
4,32,376,Building 376,TX,"352,490","17,361","859,124",59,49,66,77,46,47,0.77,1.07,1.4,0.91,29.8,73.2,93.4,46.8,,,,,,,,,,,,,,,,,,,,,,,
4,32,377,Building 377,TX,"352,490","61,219","859,124",83,87,64,100,100,50,0.83,0.87,1.28,0.89,37.6,44,89.2,42.6,,,,,,,,,,,,,,,,,,,,,,,
4,32,378,Building 378,TX,"352,490","14,510","859,124",52,42,56,41,58,53,1.27,0.72,1.06,1.12,87,24.2,67.6,82.6,,,,,,,,,,,,,,,,,,,,,,,
4,32,379,Building 379,TX,"352,490","15,831","859,124",28,33,34,34,70,19,0.82,0.47,1.79,0.86,37,4.2,97,32.8,,,,,,,,,,,,,,,,,,,,,,,
4,32,380,Building 380,TX,"352,490","37,250","859,124",27,26,33,23,36,13,1.17,0.72,2.54,1.23,81.4,24,98.6,91.6,,,,,,,,,,,,,,,,,,,,,,,
4,32,381,Building 381,TX,"352,490","5,669","859,124",24,19,19,32,50,41,0.75,0.38,0.46,0.63,26.6,1,2.4,3,,,,,,,,,,,,,,,,,,,,,,,
4,32,382,Building 382,TX,"352,490","4,930","859,124",65,74,65,74,99,81,0.88,0.75,0.8,0.84,43.6,27.6,30.4,28.4,,,,,,,,,,,,,,,,,,,,,,,
4,32,383,Building 383,TX,"352,490","8,468","859,124",59,45,63,57,51,57,1.04,0.88,1.11,1.01,69,46.2,73.2,64.8,,,,,,,,,,,,,,,,,,,,,,,
4,32,384,Building 384,TX,"352,490","48,799","859,124",58,62,51,42,94,63,1.38,0.66,0.81,1.15,91.2,17.6,31.4,84.2,,,,,,,,,,,,,,,,,,,,,,,
4,32,385,Building 385,TX,"352,490","43,497","859,124",76,69,76,100,72,69,0.76,0.96,1.1,0.85,28,60.4,72.6,30.2,,,,,,,,,,,,,,,,,,,,,,,
4,32,386,Building 386,TX,"352,490","5,123","859,124",45,54,73,32,63,72,1.41,0.86,1.01,1.23,92.4,41.6,62.8,91.2,,,,,,,,,,,,,,,,,,,,,,,
4,32,387,Building 387,TX,"352,490","19,670","859,124",30,29,20,66,17,14,0.45,1.71,1.43,0.86,2.4,96,94.2,33.2,,,,,,,,,,,,,,,,,,,,,,,
4,32,388,Building 388,TX,"352,490","4,598","859,124",88,91,90,100,77,74,0.88,1.18,1.22,0.99,44,83.2,84.4,61.8,,,,,,,,,,,,,,,,,,,,,,,
4,32,389,Building 389,TX,"352,490","7,506","859,124",59,64,65,42,84,67,1.4,0.76,0.97,1.2,92.2,29.2,56.6,90,,,,,,,,,,,,,,,,,,,,,,,
4,32,390,Building 390,TX,"352,490","5,209","859,124",98,94,92,99,92,100,0.99,1.02,0.92,0.99,63,68.6,48.4,61.2,,,,,,,,,,,,,,,,,,,,,,,
4,33,391,Building 391,CA,"76,336","24,482","859,124",90,81,96,100,100,100,0.9,0.81,0.96,0.89,48.8,35.2,54.2,40.8,0.88,0.9,1.06,0.91,44.93,49.28,82.61,59.42,,,,,,,,,,,,,,,
4,33,392,Building 392,CA,"76,336","12,182","859,124",90,91,95,89,89,100,1.01,1.02,0.95,1.01,66.6,68.8,53.2,64.2,,,,,,,,,,,,,,,,,,,,,,,
4,33,393,Building 393,CA,"76,336","22,755","859,124",45,42,40,55,56,22,0.82,0.75,1.82,0.92,36,27.8,97.2,49.2,,,,,,,,,,,,,,,,,,,,,,,
4,33,394,Building 394,CA,"76,336","1,335","859,124",89,83,81,87,100,85,1.02,0.83,0.95,0.97,67.6,38,53.8,57.8,,,,,,,,,,,,,,,,,,,,,,,
4,33,395,Building 395,CA,"76,336","15,582","859,124",53,50,61,84,42,44,0.63,1.19,1.39,0.85,13.4,83.8,93,32,,,,,,,,,,,,,,,,,,,,,,,
4,34,396,Building 396,TX,"66,519","31,255","859,124",65,60,67,100,44,100,0.65,1.36,0.67,0.82,16.4,90.6,18.4,24.4,0.83,1.02,0.8,0.87,24.64,75.36,21.74,31.88,,,,,,,,,,,,,,,
4,34,397,Building 397,TX,"66,519","2,912","859,124",23,15,77,33,26,80,0.7,0.58,0.96,0.7,22.2,11.2,55.2,12.4,,,,,,,,,,,,,,,,,,,,,,,
4,34,398,Building 398,TX,"66,519","32,352","859,124",41,44,32,23,47,39,1.78,0.94,0.82,1.47,97.2,56.6,33.4,96.2,,,,,,,,,,,,,,,,,,,,,,,
4,35,399,Building 399,CA,"111,767","73,535","859,124",77,73,74,91,67,65,0.85,1.09,1.14,0.94,39.8,75.8,75.6,51.4,0.91,0.79,1.05,0.9,57.97,18.84,81.16,52.17,,,,,,,,,,,,,,,
4,35,400,Building 400,CA,"111,767","38,232","859,124",97,51,100,100,90,100,0.97,0.57,1,0.88,59,10.2,59.2,39.4,,,,,,,,,,,,,,,,,,,,,,,
5,36,401,Building 401,TX,"244,575","10,055","548,506",82,22,86,73,40,100,1.12,0.55,0.86,0.96,77,8.8,38.4,55.8,1.07,0.9,0.92,1.02,89.86,50.72,55.07,86.96,0.92,0.95,0.92,0.93,65,60,50,75,,,,,,,
5,36,402,Building 402,TX,"244,575","3,045","548,506",69,66,100,91,48,100,0.76,1.38,1,0.93,27.6,91.4,59.2,50.4,,,,,,,,,,,,,,,,,,,,,,,
5,36,403,Building 403,TX,"244,575","4,029","548,506",73,80,78,61,100,60,1.2,0.8,1.3,1.12,82.4,33,90.2,82.8,,,,,,,,,,,,,,,,,,,,,,,
5,36,404,Building 404,TX,"244,575","24,653","548,506",87,92,85,80,100,69,1.09,0.92,1.23,1.07,73.4,52.8,85.6,74.2,,,,,,,,,,,,,,,,,,,,,,,
5,36,405,Building 405,TX,"244,575","38,974","548,506",34,37,32,26,32,57,1.31,1.16,0.56,1.18,89.6,81,7.4,88,,,,,,,,,,,,,,,,,,,,,,,
5,36,406,Building 406,TX,"244,575","35,396","548,506",60,21,58,40,39,93,1.5,0.54,0.62,1.17,94,8.4,14,87.2,,,,,,,,,,,,,,,,,,,,,,,
5,36,407,Building 407,TX,"244,575","22,512","548,506",74,40,81,73,28,100,1.01,1.43,0.81,1.08,67,93.2,31.8,76.8,,,,,,,,,,,,,,,,,,,,,,,
5,36,408,Building 408,TX,"244,575","22,039","548,506",47,52,49,29,41,57,1.62,1.27,0.86,1.45,96,87.2,38.2,96,,,,,,,,,,,,,,,,,,,,,,,
5,36,409,Building 409,TX,"244,575","9,150","548,506",38,48,39,45,55,38,0.84,0.87,1.03,0.87,39.6,45,63.8,36.8,,,,,,,,,,,,,,,,,,,,,,,
5,36,410,Building 410,TX,"244,575","74,722","548,506",82,25,72,83,55,68,0.99,0.45,1.06,0.87,62.8,3,67.8,37.2,,,,,,,,,,,,,,,,,,,,,,,
5,37,411,Building 411,NY,"62,394","8,050","548,506",25,88,26,60,91,53,0.42,0.97,0.49,0.55,1,61.4,4,0.8,0.88,1.02,0.84,0.91,42.03,78.26,31.88,57.97,,,,,,,,,,,,,,,
5,37,412,Building 412,NY,"62,394","21,275","548,506",54,48,49,55,56,66,0.98,0.86,0.74,0.92,62.2,41.6,24,49.4,,,,,,,,,,,,,,,,,,,,,,,
5,37,413,Building 413,NY,"62,394","12,349","548,506",43,36,45,48,18,49,0.9,2,0.92,1.15,48.4,98.4,48.2,84.8,,,,,,,,,,,,,,,,,,,,,,,
5,37,414,Building 414,NY,"62,394","15,101","548,506",35,45,38,23,30,27,1.52,1.5,1.41,1.5,94.6,94.2,93.8,96.6,,,,,,,,,,,,,,,,,,,,,,,
5,37,415,Building 415,NY,"62,394","5,619","548,506",94,85,89,100,100,100,0.94,0.85,0.89,0.91,54,40.8,42.8,47.2,,,,,,,,,,,,,,,,,,,,,,,
5,38,416,Building 416,CA,"81,099","43,085","548,506",33,41,23,43,36,58,0.77,1.14,0.4,0.81,30.2,79.4,0.8,23,0.73,1.14,0.78,0.83,14.49,86.96,17.39,17.39,,,,,,,,,,,,,,,
5,38,417,Building 417,CA,"81,099","2,078","548,506",55,46,57,64,41,54,0.86,1.12,1.06,0.94,41,78.2,67,53,,,,,,,,,,,,,,,,,,,,,,,
5,38,418,Building 418,CA,"81,099","11,779","548,506",68,100,58,100,86,68,0.68,1.16,0.85,0.81,20.4,81.6,37.6,23.4,,,,,,,,,,,,,,,,,,,,,,,
5,38,419,Building 419,CA,"81,099","13,983","548,506",76,66,82,100,55,73,0.76,1.2,1.12,0.9,28,84.2,74,45.2,,,,,,,,,,,,,,,,,,,,,,,
5,38,420,Building 420,CA,"81,099","10,174","548,506",20,10,24,39,13,59,0.51,0.77,0.41,0.56,4.6,29.8,1,1.4,,,,,,,,,,,,,,,,,,,,,,,
5,39,421,Building 421,CA,"86,609","73,320","548,506",65,74,60,73,80,61,0.89,0.93,0.98,0.91,47.6,54.6,58.4,46.4,0.8,0.82,1.04,0.83,21.74,26.09,73.91,18.84,,,,,,,,,,,,,,,
5,39,422,Building 422,CA,"86,609","4,648","548,506",51,68,43,89,100,46,0.57,0.68,0.93,0.64,8.6,20,51.2,5,,,,,,,,,,,,,,,,,,,,,,,
5,39,423,Building 423,CA,"86,609","8,641","548,506",94,88,87,100,100,76,0.94,0.88,1.14,0.95,54,45.6,76.6,54.8,,,,,,,,,,,,,,,,,,,,,,,
5,40,424,Building 424,TX,"73,829","38,143","548,506",53,71,53,42,62,34,1.26,1.15,1.56,1.27,86.2,79.8,95.6,93.2,1.08,0.99,1.44,1.1,91.3,73.91,95.65,97.1,,,,,,,,,,,,,,,
5,40,425,Building 425,TX,"73,829","35,686","548,506",96,89,75,96,100,55,1,0.89,1.36,1.02,63.2,47.6,92.6,66.6,,,,,,,,,,,,,,,,,,,,,,,
6,41,426,Building 426,TX,"391,223","24,915","493,945",51,51,60,54,56,100,0.94,0.91,0.6,0.9,55.2,51.8,10.6,43.2,0.87,0.88,0.9,0.88,37.68,44.93,47.83,37.68,0.89,0.92,0.89,0.89,45,50,35,50,,,,,,,
6,41,427,Building 427,TX,"391,223","33,602","493,945",95,61,105,100,72,100,0.95,0.85,1.05,0.94,55.8,40.4,66.2,51.6,,,,,,,,,,,,,,,,,,,,,,,
6,41,428,Building 428,TX,"391,223","9,453","493,945",50,50,45,72,60,51,0.69,0.83,0.88,0.75,22,38.8,42.2,17.8,,,,,,,,,,,,,,,,,,,,,,,
6,41,429,Building 429,TX,"391,223","15,158","493,945",72,69,77,65,61,81,1.11,1.13,0.95,1.09,75.4,78.6,53.6,79.2,,,,,,,,,,,,,,,,,,,,,,,
6,41,430,Building 430,TX,"391,223","17,383","493,945",75,80,77,56,100,84,1.34,0.8,0.92,1.16,90.8,33,48,86.6,,,,,,,,,,,,,,,,,,,,,,,
6,41,431,Building 431,TX,"391,223","19,239","493,945",94,89,40,78,100,49,1.21,0.89,0.82,1.09,83.2,47.6,32.4,77,,,,,,,,,,,,,,,,,,,,,,,
6,41,432,Building 432,TX,"391,223","60,547","493,945",97,90,92,86,97,100,1.13,0.93,0.92,1.06,78,55,48.4,72.2,,,,,,,,,,,,,,,,,,,,,,,
6,41,433,Building 433,TX,"391,223","3,906","493,945",36,37,46,54,39,34,0.67,0.95,1.35,0.81,18.6,58.6,91.8,23.8,,,,,,,,,,,,,,,,,,,,,,,
6,41,434,Building 434,TX,"391,223","16,184","493,945",35,36,34,68,39,59,0.51,0.92,0.58,0.62,4.8,54.2,8.8,2.8,,,,,,,,,,,,,,,,,,,,,,,
6,41,435,Building 435,TX,"391,223","7,985","493,945",32,23,25,72,53,11,0.44,0.43,2.27,0.66,1.6,2.4,98.2,7.8,,,,,,,,,,,,,,,,,,,,,,,
6,41,436,Building 436,TX,"391,223","12,245","493,945",22,63,54,35,100,81,0.63,0.63,0.67,0.63,13,15.4,17.8,4.2,,,,,,,,,,,,,,,,,,,,,,,
6,41,437,Building 437,TX,"391,223","4,118","493,945",60,57,66,80,37,100,0.75,1.54,0.66,0.92,26.6,94.6,17,49,,,,,,,,,,,,,,,,,,,,,,,
6,41,438,Building 438,TX,"391,223","24,455","493,945",38,35,31,54,63,31,0.7,0.56,1,0.71,23.2,9.4,59.2,12.8,,,,,,,,,,,,,,,,,,,,,,,
6,41,439,Building 439,TX,"391,223","65,345","493,945",98,99,92,87,86,100,1.13,1.15,0.92,1.11,77.6,80.4,48.4,81.4,,,,,,,,,,,,,,,,,,,,,,,
6,41,440,Building 440,TX,"391,223","23,422","493,945",79,87,75,99,100,60,0.8,0.87,1.25,0.87,33.2,44,87.2,35.2,,,,,,,,,,,,,,,,,,,,,,,
6,41,441,Building 441,TX,"391,223","1,730","493,945",76,67,82,100,62,81,0.76,1.08,1.01,0.86,28,74.8,62.6,34,,,,,,,,,,,,,,,,,,,,,,,
6,41,442,Building 442,TX,"391,223","4,987","493,945",67,35,41,53,54,41,1.26,0.65,1,1.09,86.4,16.8,59.2,78.6,,,,,,,,,,,,,,,,,,,,,,,
6,41,443,Building 443,TX,"391,223","7,884","493,945",67,61,62,97,84,66,0.69,0.73,0.94,0.73,21.6,24.4,51.4,15.8,,,,,,,,,,,,,,,,,,,,,,,
6,41,444,Building 444,TX,"391,223","31,905","493,945",93,95,70,83,80,84,1.12,1.19,0.83,1.1,76.8,83.4,34.8,80.6,,,,,,,,,,,,,,,,,,,,,,,
6,41,445,Building 445,TX,"391,223","6,760","493,945",39,40,96,73,54,100,0.53,0.74,0.96,0.63,5.8,26.6,54.2,4,,,,,,,,,,,,,,,,,,,,,,,
6,42,446,Building 446,CA,"91,108","8,327","493,945",31,29,23,52,23,63,0.6,1.26,0.37,0.72,10.4,86.8,0.4,15,0.98,1.05,0.45,0.94,73.91,79.71,1.45,71.01,,,,,,,,,,,,,,,
6,42,447,Building 447,CA,"91,108","82,781","493,945",100,100,25,81,100,43,1.23,1,0.58,1.1,84.2,65,9.2,80.8,,,,,,,,,,,,,,,,,,,,,,,
6,43,448,Building 448,CA,"8,761","6,693","493,945",80,65,89,96,57,83,0.83,1.14,1.07,0.93,38.6,79.6,69,50.8,0.89,1.11,1.04,0.96,50.72,84.06,73.91,75.36,,,,,,,,,,,,,,,
6,43,449,Building 449,CA,"8,761","2,068","493,945",95,98,101,100,90,100,0.95,1.09,1.01,0.99,55.8,75.6,62.2,61.6,,,,,,,,,,,,,,,,,,,,,,,
6,44,450,Building 450,CA,"2,853","2,853","493,945",96,88,104,100,76,100,0.96,1.16,1.04,1.02,57.2,81.2,65.2,66,0.96,1.16,1.04,1.02,71.01,91.3,76.81,85.51,,,,,,,,,,,,,,,
7,45,451,Building 451,CA,"157,083","60,851","217,725",93,83,84,100,98,67,0.93,0.85,1.25,0.95,53.2,40.2,87.6,54.4,0.91,0.86,0.89,0.9,60.87,40.58,44.93,50.72,0.85,0.79,0.96,0.85,20,20,65,10,,,,,,,
7,45,452,Building 452,CA,"157,083","18,672","217,725",58,61,59,55,91,95,1.05,0.67,0.62,0.91,70.2,19.4,13.6,47.6,,,,,,,,,,,,,,,,,,,,,,,
7,45,453,Building 453,CA,"157,083","38,145","217,725",80,100,85,100,100,72,0.8,1,1.18,0.89,33.4,65,81.2,42.2,,,,,,,,,,,,,,,,,,,,,,,
7,45,454,Building 454,CA,"157,083","21,331","217,725",90,85,88,72,100,92,1.25,0.85,0.96,1.12,85,40.8,54,83.4,,,,,,,,,,,,,,,,,,,,,,,
7,45,455,Building 455,CA,"157,083","18,084","217,725",35,34,25,63,32,56,0.56,1.06,0.45,0.66,6.4,72.6,2.2,7.6,,,,,,,,,,,,,,,,,,,,,,,
7,46,456,Building 456,CA,"41,003","8,496","217,725",91,25,86,87,59,100,1.05,0.42,0.86,0.88,69.6,2.2,38.4,39.2,0.93,0.8,0.92,0.9,63.77,21.74,57.97,49.28,,,,,,,,,,,,,,,
7,46,457,Building 457,CA,"41,003","3,949","217,725",20,99,26,35,100,40,0.57,0.99,0.65,0.68,8,64.6,16.2,9.6,,,,,,,,,,,,,,,,,,,,,,,
7,46,458,Building 458,CA,"41,003","28,558","217,725",95,84,88,100,100,77,0.95,0.84,1.14,0.95,55.8,39.6,76,54,,,,,,,,,,,,,,,,,,,,,,,
7,47,459,Building 459,CA,"16,399","16,399","217,725",26,29,16,54,56,5,0.48,0.52,3.2,0.82,4,7,99.8,24.2,0.48,0.52,3.2,0.82,1.45,4.35,100,14.49,,,,,,,,,,,,,,,
7,48,460,Building 460,CA,"3,240","3,240","217,725",41,51,48,78,88,29,0.53,0.58,1.66,0.67,5.6,11.6,96.6,9.4,0.53,0.58,1.66,0.67,2.9,7.25,98.55,1.45,,,,,,,,,,,,,,,
8,49,461,Building 461,CA,"126,598","2,014","266,310",69,78,61,50,100,81,1.38,0.78,0.75,1.17,91,30.6,24.8,87,0.99,1.02,0.91,0.99,75.36,76.81,53.62,79.71,0.88,0.94,0.85,0.89,35,55,20,40,,,,,,,
8,49,462,Building 462,CA,"126,598","26,777","266,310",61,95,63,62,79,53,0.98,1.2,1.19,1.06,62.4,84.6,82.4,72.8,,,,,,,,,,,,,,,,,,,,,,,
8,49,463,Building 463,CA,"126,598","10,912","266,310",26,83,22,28,76,44,0.93,1.09,0.5,0.91,52.8,76,4.6,48,,,,,,,,,,,,,,,,,,,,,,,
8,49,464,Building 464,CA,"126,598","6,973","266,310",64,58,24,89,52,29,0.72,1.12,0.83,0.82,24.4,77.4,34,26,,,,,,,,,,,,,,,,,,,,,,,
8,49,465,Building 465,CA,"126,598","79,922","266,310",91,100,81,85,100,68,1.07,1,1.19,1.07,71.6,65,83,74.8,,,,,,,,,,,,,,,,,,,,,,,
8,50,466,Building 466,TX,"80,303","11,612","266,310",41,50,30,68,86,68,0.6,0.58,0.44,0.58,11,12,1.6,2.2,0.67,0.79,0.8,0.71,11.59,17.39,20.29,5.8,,,,,,,,,,,,,,,
8,50,467,Building 467,TX,"80,303","23,882","266,310",42,27,47,50,33,53,0.84,0.82,0.89,0.84,39.2,36.4,42.4,29,,,,,,,,,,,,,,,,,,,,,,,
8,50,468,Building 468,TX,"80,303","44,809","266,310",55,54,51,89,47,39,0.62,1.15,1.31,0.82,12.2,80.2,91,25.8,,,,,,,,,,,,,,,,,,,,,,,
8,51,469,Building 469,FL,"59,409","36,617","266,310",59,33,47,46,60,40,1.28,0.55,1.18,1.1,88.4,8.8,80.6,80.4,0.95,0.9,0.78,0.91,69.57,52.17,15.94,65.22,,,,,,,,,,,,,,,
8,51,470,Building 470,FL,"59,409","22,792","266,310",45,47,46,64,29,80,0.7,1.62,0.58,0.9,23,95.4,8.4,43.8,,,,,,,,,,,,,,,,,,,,,,,
9,52,471,Building 471,CA,"67,628","38,492","105,057",93,94,97,89,100,100,1.04,0.94,0.97,1.01,69.4,57,55.8,65.4,1.01,0.84,0.86,0.95,78.26,31.88,34.78,73.91,0.94,0.89,0.82,0.92,70,45,15,65,,,,,,,
9,52,472,Building 472,CA,"67,628","18,170","105,057",51,94,54,67,96,50,0.76,0.98,1.08,0.85,28.8,63.6,69.6,31.4,,,,,,,,,,,,,,,,,,,,,,,
9,52,473,Building 473,CA,"67,628","10,966","105,057",36,32,28,23,67,57,1.57,0.48,0.49,1.19,95.4,4.8,4.2,88.4,,,,,,,,,,,,,,,,,,,,,,,
9,53,474,Building 474,TX,"10,001","10,001","105,057",78,85,88,65,93,100,1.2,0.91,0.88,1.1,82.8,52.2,41.4,79.4,1.2,0.91,0.88,1.1,95.65,56.52,39.13,94.2,,,,,,,,,,,,,,,
9,54,475,Building 475,CA,"27,428","27,428","105,057",66,57,62,100,49,93,0.66,1.16,0.67,0.78,17.8,81.8,17.8,19.6,0.66,1.16,0.67,0.78,10.14,92.75,4.35,10.14,,,,,,,,,,,,,,,
10,55,476,Building 476,CA,"67,000","24,065","77,945",96,104,96,85,100,100,1.13,1.04,0.96,1.09,78.2,70.8,54.2,77.8,0.94,0.75,0.82,0.88,68.12,15.94,23.19,43.48,0.94,0.77,0.9,0.9,75,15,40,55,,,,,,,
10,55,477,Building 477,CA,"67,000","28,431","77,945",66,63,56,99,88,93,0.67,0.72,0.6,0.67,18.6,23.8,11.2,9,,,,,,,,,,,,,,,,,,,,,,,
10,55,478,Building 478,CA,"67,000","14,504","77,945",25,17,33,14,57,33,1.79,0.3,1,1.35,97.4,0.2,59.2,95,,,,,,,,,,,,,,,,,,,,,,,
10,56,479,Building 479,CA,"10,945","2,058","77,945",56,66,77,37,93,77,1.51,0.71,1,1.27,94.2,23,59.2,93,0.94,0.8,1.04,0.92,65.22,20.29,78.26,66.67,,,,,,,,,,,,,,,
10,56,480,Building 480,CA,"10,945","8,887","77,945",65,84,71,92,95,65,0.71,0.88,1.09,0.79,23.4,46.8,70.4,21.8,,,,,,,,,,,,,,,,,,,,,,,
11,57,481,Building 481,FL,"44,045","25,181","120,557",69,62,60,59,45,52,1.17,1.38,1.15,1.22,81.2,92,77.2,90.6,1.04,1.07,1.06,1.05,85.51,82.61,84.06,89.86,1.06,0.99,0.92,1.03,90,80,55,85,,,,,,,
11,57,482,Building 482,FL,"44,045","4,833","120,557",97,96,94,100,100,74,0.97,0.96,1.27,1,59,61,88.6,63.8,,,,,,,,,,,,,,,,,,,,,,,
11,57,483,Building 483,FL,"44,045","14,031","120,557",77,86,27,74,83,44,1.04,1.04,0.61,0.99,69.2,70.4,12.4,61,,,,,,,,,,,,,,,,,,,,,,,
11,58,484,Building 484,FL,"76,512","25,859","120,557",100,103,49,100,100,58,1,1.03,0.84,0.99,63.2,69.2,36.6,60.8,1.1,0.86,0.73,1,92.75,39.13,8.7,81.16,,,,,,,,,,,,,,,
11,58,485,Building 485,FL,"76,512","50,653","120,557",47,25,38,34,49,62,1.38,0.51,0.61,1.09,91.4,6,12.2,78.2,,,,,,,,,,,,,,,,,,,,,,,
12,59,486,Building 486,TX,"75,722","49,699","93,735",96,95,87,89,100,89,1.08,0.95,0.98,1.04,73,58.8,57.4,68.6,0.86,0.9,0.96,0.88,33.33,53.62,60.87,40.58,0.82,0.97,0.91,0.87,15,75,45,20,,,,,,,
12,59,487,Building 487,TX,"75,722","26,023","93,735",61,51,54,94,62,58,0.65,0.82,0.93,0.72,16.2,37.2,50.8,15.4,,,,,,,,,,,,,,,,,,,,,,,
12,60,488,Building 488,FL,"18,013","18,013","93,735",71,69,67,95,59,81,0.75,1.17,0.83,0.85,26.4,82.2,33.6,32.2,0.75,1.17,0.83,0.85,15.94,94.2,26.09,24.64,,,,,,,,,,,,,,,
13,61,489,Building 489,CA,"68,523","58,470","78,409",45,50,44,63,75,51,0.71,0.67,0.86,0.72,23.8,18.6,39.4,14.8,0.83,0.91,0.89,0.86,28.99,55.07,46.38,26.09,0.89,0.97,0.97,0.92,50,65,70,70,,,,,,,
13,61,490,Building 490,CA,"68,523","10,053","78,409",91,85,91,100,74,100,0.91,1.15,0.91,0.96,50.6,80,46.2,56.2,,,,,,,,,,,,,,,,,,,,,,,
13,62,491,Building 491,CA,"9,886","9,886","78,409",72,100,69,70,94,59,1.03,1.06,1.17,1.05,68.4,72.8,80.2,71,1.03,1.06,1.17,1.05,81.16,81.16,91.3,92.75,,,,,,,,,,,,,,,
14,63,492,Building 492,NY,"20,079","1,398","20,079",28,24,32,63,5,32,0.44,4.8,1,1.51,1.6,100,59.2,97,0.56,0.97,0.79,0.68,4.35,71.01,18.84,2.9,0.56,0.97,0.79,0.68,5,70,10,5,,,,,,,
14,63,493,Building 493,NY,"20,079","18,681","20,079",60,66,62,93,88,87,0.65,0.75,0.71,0.68,15,27.8,21.2,9.8,,,,,,,,,,,,,,,,,,,,,,,
15,64,494,Building 494,CA,"30,233","4,815","30,233",24,38,31,12,27,17,2,1.41,1.82,1.84,97.8,93,97.4,98.6,1.05,1.28,1.03,1.1,86.96,95.65,69.57,95.65,1.05,1.28,1.03,1.1,85,90,85,95,,,,,,,
15,64,495,Building 495,CA,"30,233","25,418","30,233",63,71,70,71,58,81,0.89,1.22,0.86,0.96,46.4,85.6,39.6,56,,,,,,,,,,,,,,,,,,,,,,,
16,65,496,Building 496,FL,"1,384","1,384","1,384",70,21,61,80,16,57,0.88,1.31,1.07,1,43,88.8,68.4,63,0.88,1.31,1.07,1,40.58,97.1,85.51,82.61,0.88,1.31,1.07,1,30,95,90,80,,,,,,,
17,66,497,Building 497,CA,"32,916","32,916","32,916",53,21,63,41,53,62,1.29,0.4,1.02,1.05,89,1.4,63,70.8,1.29,0.4,1.02,1.05,97.1,1.45,68.12,91.3,1.29,0.4,1.02,1.05,95,5,80,90,,,,,,,
18,67,498,Building 498,CA,"1,401","1,401","1,401",30,36,37,29,56,49,1.03,0.64,0.76,0.91,68.8,16.4,25.4,46.6,1.03,0.64,0.76,0.91,84.06,8.7,13.04,60.87,1.03,0.64,0.76,0.91,80,10,5,60,,,,,,,
19,68,499,Building 499,CA,"9,009","9,009","9,009",64,58,55,100,51,35,0.64,1.14,1.57,0.87,14.4,79,95.8,34.6,0.64,1.14,1.57,0.87,8.7,85.51,97.1,30.43,0.64,1.14,1.57,0.87,10,85,100,15,,,,,,,
20,69,500,Building 500,TX,"22,921","22,921","22,921",38,33,45,25,24,41,1.52,1.38,1.1,1.44,94.4,91.4,72,95.8,1.52,1.38,1.1,1.44,98.55,98.55,88.41,100,1.52,1.38,1.1,1.44,100,100,95,100,,,,,,,
